N,P,K,temperature,humidity,rainfall,ph,label
34.7,56.0,18.9,33.0,63.4,73.3,7.18,blackgram
39.5,74.4,18.4,31.3,61.9,64.4,7.44,blackgram
24.7,78.9,19.8,23.7,66.0,51.6,6.4,lentil
97.4,45.0,47.3,27.6,71.1,206.2,6.44,rice
73.8,62.1,35.3,13.9,54.7,99.0,6.39,wheat
110.0,16.5,50.0,30.5,67.9,69.9,6.24,watermelon
108.0,12.4,53.7,29.8,90.3,20.3,6.48,muskmelon
32.6,28.8,36.1,25.4,96.7,161.0,5.81,coconut
64.5,55.1,28.0,27.3,63.0,111.1,6.6,maize
84.4,16.9,52.3,25.2,56.2,54.5,6.3,watermelon
122.7,57.2,37.0,26.7,59.8,93.4,7.58,cotton
101.3,37.4,24.9,22.9,67.0,94.5,7.56,cotton
109.9,26.5,51.9,26.0,63.7,42.0,6.09,watermelon
11.3,144.7,188.8,21.7,75.3,72.0,6.3,grapes
27.7,147.4,194.2,21.7,85.8,118.1,5.71,apple
62.0,44.9,37.5,25.8,77.0,188.6,7.2,jute
83.1,53.2,46.1,24.2,77.6,192.2,6.97,jute
29.6,56.6,21.0,29.6,45.7,48.9,6.42,mothbeans
63.8,57.8,34.1,13.6,64.7,75.7,6.34,wheat
116.3,20.0,30.4,25.6,59.0,204.4,6.07,coffee
25.2,20.9,30.4,25.4,91.9,215.1,5.73,coconut
38.8,77.7,20.7,32.6,68.1,70.3,6.93,blackgram
23.8,11.3,43.3,19.5,94.0,100.5,6.2,pomegranate
16.1,148.1,200.6,21.1,89.8,102.8,6.5,apple
106.2,55.4,37.0,29.9,80.4,232.8,6.26,sugarcane
20.5,58.5,17.8,26.7,54.0,53.0,9.45,mothbeans
29.1,43.6,24.9,27.9,43.6,56.7,6.45,mothbeans
71.9,56.9,30.1,17.6,56.1,64.6,7.01,wheat
122.0,36.3,30.8,34.3,68.0,101.0,7.75,cotton
15.3,138.0,188.9,25.7,86.4,64.1,6.31,grapes
109.1,57.9,42.7,28.8,84.8,218.7,7.26,sugarcane
105.5,10.9,49.7,27.4,89.8,29.3,6.33,muskmelon
74.7,37.1,47.6,23.8,89.7,189.0,6.59,jute
15.2,124.8,184.8,16.1,77.8,86.6,6.68,grapes
99.9,51.7,34.2,29.3,71.2,74.8,6.4,maize
118.7,31.0,30.9,27.8,62.0,190.8,6.75,coffee
92.4,42.6,32.0,27.1,64.9,88.3,6.32,maize
17.1,132.9,194.6,20.2,87.5,128.2,6.68,apple
100.2,23.6,42.5,31.5,57.5,55.0,6.69,watermelon
96.7,14.6,45.0,30.1,94.6,22.2,6.89,muskmelon
22.7,7.0,11.0,12.4,85.8,115.8,6.6,orange
28.3,15.1,36.3,18.7,88.1,51.0,5.76,pomegranate
41.5,75.7,23.3,32.1,61.1,85.2,7.17,blackgram
104.6,21.1,37.5,23.3,58.5,159.1,6.89,coffee
111.8,41.8,43.8,20.9,70.6,294.4,6.75,rice
92.1,13.1,46.5,26.2,68.8,57.5,6.59,watermelon
99.5,46.2,24.3,27.8,73.7,119.2,7.01,maize
18.9,10.1,6.9,23.4,85.0,124.2,6.12,orange
103.4,58.5,46.5,24.7,86.1,218.7,6.32,rice
28.4,140.8,201.9,27.9,79.1,92.3,6.0,grapes
13.1,129.3,188.7,28.1,85.1,91.9,6.05,grapes
21.1,23.9,9.1,16.5,91.1,127.9,7.26,orange
71.3,67.9,36.1,19.5,54.1,93.0,6.01,wheat
17.8,127.0,186.6,29.4,84.2,82.3,6.22,grapes
32.5,124.7,199.1,21.1,91.9,111.5,6.63,apple
126.5,51.7,33.3,27.5,51.8,88.1,7.91,cotton
90.1,30.1,34.2,26.4,64.6,204.4,6.66,coffee
38.7,28.1,31.0,24.8,52.5,135.6,6.91,mango
36.5,56.3,22.3,26.2,63.0,76.0,7.06,blackgram
115.6,80.4,186.2,25.3,84.7,151.0,5.94,banana
39.8,47.8,58.1,30.6,86.6,74.4,6.29,papaya
55.8,62.7,52.2,29.2,94.8,117.3,6.22,papaya
23.2,13.7,13.2,28.1,86.2,116.0,6.43,orange
16.6,5.8,10.0,20.9,86.7,122.8,7.48,orange
65.1,38.6,44.9,23.6,73.9,197.2,7.46,jute
33.8,127.8,207.1,23.6,92.7,105.1,6.57,apple
113.7,84.1,219.2,31.3,76.9,154.1,5.92,banana
20.5,121.0,198.4,24.0,94.8,119.1,5.71,apple
68.4,68.5,36.1,21.7,57.8,70.7,7.16,wheat
119.5,83.6,207.5,26.4,82.3,102.2,6.16,banana
20.9,24.7,43.7,20.3,86.0,102.8,6.02,pomegranate
15.4,63.4,20.1,19.2,69.6,52.0,6.73,lentil
107.9,43.2,46.8,27.9,70.7,176.9,7.29,sugarcane
56.9,55.5,39.2,21.6,61.8,90.5,7.08,wheat
86.4,23.3,43.2,27.2,68.3,66.9,6.91,watermelon
125.4,41.6,48.9,28.7,82.5,226.3,6.77,sugarcane
79.7,35.3,26.7,18.7,53.0,67.1,6.8,maize
27.3,125.4,204.0,23.3,80.9,65.3,6.67,grapes
23.6,69.2,28.5,24.7,69.6,41.0,6.1,lentil
62.5,38.7,35.6,28.2,84.5,156.8,7.25,jute
95.6,35.3,53.1,21.1,78.0,292.5,6.93,rice
31.1,22.5,27.1,32.6,54.7,83.4,6.22,mango
17.6,44.6,18.5,27.5,55.6,44.5,8.58,mothbeans
129.7,47.8,23.6,26.2,79.6,62.0,7.71,cotton
105.3,50.8,45.7,21.1,90.9,198.1,5.78,rice
30.0,17.2,9.0,14.5,87.6,114.4,6.55,orange
101.3,48.5,47.7,28.7,94.4,227.4,5.98,rice
113.9,54.9,34.9,34.0,57.0,80.0,6.14,cotton
69.5,57.1,31.7,13.5,58.9,71.0,6.12,wheat
128.4,38.2,29.2,24.6,78.9,84.2,7.57,cotton
99.8,23.8,37.4,31.6,86.8,26.2,6.22,muskmelon
95.8,82.7,196.4,34.1,85.7,148.6,5.9,banana
19.4,56.9,20.0,19.5,61.2,50.4,6.25,lentil
24.7,11.3,33.3,29.2,100.0,163.0,5.62,coconut
24.5,139.3,190.8,21.2,92.8,115.0,5.96,apple
21.0,128.6,189.2,20.3,84.3,73.4,6.53,grapes
84.2,28.1,41.4,21.8,65.5,217.5,6.2,coffee
42.5,71.1,20.1,26.2,63.1,84.1,7.36,blackgram
21.9,44.9,23.7,26.0,59.3,58.7,5.08,mothbeans
83.1,16.2,31.7,25.8,64.2,205.2,6.52,coffee
19.9,13.1,11.8,18.4,94.6,118.0,7.21,orange
17.9,122.2,206.2,22.5,92.5,121.5,6.37,apple
19.4,132.9,203.0,22.3,85.0,128.1,5.71,apple
90.2,31.8,25.8,27.0,59.2,194.6,6.66,coffee
104.8,76.0,195.8,25.4,82.1,143.4,5.8,banana
35.1,55.0,15.4,34.8,62.4,79.9,7.34,blackgram
10.5,145.2,180.3,25.6,89.6,77.5,6.03,grapes
23.3,5.3,13.7,18.9,88.4,104.1,6.66,orange
52.5,53.9,39.8,23.2,63.9,72.1,7.3,wheat
91.2,28.6,36.2,24.7,57.4,57.9,6.15,watermelon
84.0,23.0,41.0,20.0,61.1,201.3,6.62,coffee
90.6,41.1,54.5,24.7,92.3,244.7,6.69,rice
15.5,46.1,23.2,31.1,41.7,46.2,9.34,mothbeans
29.4,47.7,19.5,26.2,59.2,34.3,7.21,mothbeans
30.2,136.1,206.8,15.3,88.7,107.1,6.08,apple
77.5,62.1,23.7,24.2,69.6,83.8,6.74,maize
103.2,14.7,48.5,28.5,68.9,51.6,6.07,watermelon
36.8,38.7,42.9,28.6,56.7,113.3,6.5,mango
83.2,17.1,43.3,29.7,91.6,20.7,6.4,muskmelon
10.3,149.0,187.5,25.1,85.6,84.4,6.11,grapes
81.7,37.6,42.5,23.7,82.5,172.3,7.17,jute
10.9,18.4,13.6,13.3,93.1,125.6,7.37,orange
17.2,37.6,19.2,33.0,77.1,43.3,6.84,mungbean
89.5,63.0,38.1,23.4,52.8,119.1,7.18,maize
15.4,126.1,189.4,18.6,78.2,77.0,6.71,grapes
66.2,39.9,51.8,24.5,71.5,185.2,6.6,jute
80.6,26.5,45.5,30.2,58.5,50.4,6.03,watermelon
72.8,52.4,52.6,25.5,71.7,186.2,6.47,jute
59.8,55.2,49.3,29.7,88.0,46.9,6.0,papaya
33.0,28.5,25.1,25.4,92.5,186.9,6.35,coconut
89.9,21.3,52.0,26.4,94.3,26.9,6.82,muskmelon
27.4,25.9,36.6,29.7,56.4,99.8,6.21,mango
44.2,64.4,31.0,20.6,54.1,94.9,6.73,wheat
23.5,20.3,36.7,26.0,93.5,58.1,6.24,pomegranate
105.0,84.7,196.1,34.9,88.2,149.9,6.24,banana
80.8,16.6,44.4,21.0,65.4,193.7,6.38,coffee
61.9,41.2,37.9,19.5,64.3,94.4,6.34,wheat
26.7,10.2,36.4,28.6,93.7,125.3,6.18,coconut
95.6,56.5,48.1,28.0,67.7,200.7,6.19,sugarcane
89.2,18.1,48.5,29.8,88.2,21.3,6.63,muskmelon
19.7,56.4,27.2,26.4,63.3,53.5,6.4,lentil
104.7,17.9,38.1,30.2,88.6,26.7,6.27,muskmelon
15.6,35.5,22.7,25.1,49.4,48.2,6.24,mothbeans
25.4,122.2,193.8,23.4,92.2,126.8,5.65,apple
23.7,53.5,21.8,27.1,80.3,43.2,6.33,mungbean
92.2,13.2,48.1,31.8,90.6,27.1,6.07,muskmelon
111.4,44.2,35.1,28.5,59.3,90.5,7.38,cotton
134.2,49.8,21.2,33.2,63.4,85.7,6.59,cotton
29.2,66.9,81.9,24.8,17.3,95.8,6.46,chickpea
67.1,37.7,18.0,23.5,55.2,81.9,6.51,maize
23.6,70.7,86.0,19.0,18.5,66.2,6.36,chickpea
102.6,21.6,53.1,30.5,66.4,41.7,6.01,watermelon
88.2,32.6,42.6,26.7,54.8,181.6,6.98,coffee
51.1,64.9,15.5,29.0,66.7,73.5,7.25,blackgram
78.5,55.3,48.3,17.3,55.3,76.3,6.61,wheat
90.3,47.1,38.3,28.6,84.4,154.3,6.7,jute
93.8,34.5,37.8,26.2,52.7,210.3,6.92,coffee
58.2,62.0,39.2,12.2,51.5,79.8,7.03,wheat
80.9,14.1,41.8,28.1,64.2,67.3,6.51,watermelon
18.8,81.9,75.3,15.9,15.7,61.1,6.36,chickpea
42.1,79.7,22.5,27.5,65.4,89.8,7.36,blackgram
20.2,57.4,24.7,27.5,46.4,45.8,7.9,mothbeans
95.7,36.6,41.6,24.7,89.8,169.5,7.1,jute
122.1,64.9,42.6,28.4,75.4,179.5,6.02,sugarcane
132.2,58.7,22.6,22.1,62.1,68.7,7.33,cotton
97.2,90.2,191.0,28.1,86.8,135.7,6.54,banana
127.6,55.3,20.4,30.2,61.8,92.6,6.03,cotton
67.1,57.1,53.6,17.8,59.0,79.1,7.4,wheat
21.3,56.0,23.8,27.4,83.3,44.8,6.3,mungbean
51.2,64.1,22.9,34.4,66.2,82.2,7.31,blackgram
20.2,50.5,20.4,25.0,45.8,37.2,4.87,mothbeans
115.9,50.2,35.2,21.2,86.6,150.8,5.74,rice
91.9,33.8,30.2,22.3,67.5,208.9,6.19,coffee
82.1,23.4,30.2,25.3,69.6,168.0,6.65,coffee
24.2,22.1,27.8,29.0,99.7,146.9,5.84,coconut
22.3,22.2,42.0,22.1,86.1,44.9,6.38,pomegranate
109.9,51.2,52.0,27.9,84.2,164.1,6.05,rice
18.3,140.7,200.3,17.0,88.2,117.8,5.59,apple
91.9,29.5,45.9,26.9,92.1,22.7,6.9,muskmelon
110.2,83.8,191.6,34.0,76.7,176.5,5.91,banana
113.4,55.2,59.1,30.6,73.0,201.4,7.2,sugarcane
97.3,21.2,35.1,22.4,52.1,194.9,6.22,coffee
78.2,53.6,21.9,20.3,61.6,81.2,6.67,maize
16.1,29.8,28.7,27.6,57.8,94.5,5.64,mango
37.9,25.1,43.1,27.5,52.1,95.8,6.78,mango
77.7,41.3,42.6,19.6,63.8,62.0,6.86,wheat
110.9,15.5,26.3,22.6,68.2,187.7,6.5,coffee
18.4,50.4,15.4,26.6,49.4,34.4,9.8,mothbeans
19.9,43.7,21.0,27.7,75.4,58.4,6.83,mungbean
21.7,52.3,22.3,32.0,45.8,46.1,6.91,mothbeans
20.4,79.7,26.2,29.4,61.4,47.6,6.55,lentil
28.7,55.5,22.6,25.5,87.7,51.0,6.54,mungbean
84.5,15.4,42.2,27.9,91.8,20.6,6.03,muskmelon
114.2,52.6,44.5,21.2,82.3,221.0,5.76,rice
83.4,50.2,30.3,18.2,71.8,115.9,6.63,maize
24.0,73.4,79.2,24.9,15.9,97.7,7.3,chickpea
86.0,19.5,30.0,26.5,61.2,186.6,6.11,coffee
21.4,142.3,209.4,19.4,93.6,117.0,5.7,apple
24.9,22.1,27.7,30.9,45.8,132.4,6.14,mango
99.5,36.1,37.8,23.4,82.5,152.7,7.25,jute
39.5,63.2,58.1,34.3,93.1,108.0,6.55,papaya
36.7,22.2,32.4,24.6,46.7,116.1,6.04,mango
54.7,68.8,50.5,23.1,52.6,70.8,6.43,wheat
32.5,68.2,53.7,31.0,94.1,67.6,6.62,papaya
33.0,36.1,37.3,25.0,52.3,85.4,6.32,mango
130.9,38.9,39.2,27.4,57.1,63.7,6.17,cotton
43.4,70.9,17.0,27.1,60.4,69.7,7.06,blackgram
100.5,21.5,43.6,26.9,92.7,22.3,6.69,muskmelon
23.8,78.5,20.1,23.7,60.9,52.5,6.55,lentil
18.4,142.5,183.0,19.2,79.1,77.3,6.78,grapes
85.0,38.5,38.5,25.5,58.4,68.4,7.09,maize
17.8,138.7,204.6,24.3,87.8,128.5,5.58,apple
68.1,61.6,48.2,12.0,64.3,92.6,7.36,wheat
25.6,10.1,13.3,24.1,94.5,112.3,6.99,orange
16.2,18.3,11.7,15.7,89.6,105.8,6.32,orange
116.2,47.5,40.4,30.9,76.3,235.9,6.18,sugarcane
100.5,51.7,47.3,33.5,67.5,247.4,6.35,sugarcane
90.8,99.0,202.3,28.5,83.7,111.1,6.08,banana
123.8,48.6,47.7,25.6,73.5,203.7,6.03,sugarcane
21.5,69.9,19.0,29.3,67.6,51.7,6.83,lentil
99.7,50.3,46.4,28.5,84.6,185.0,6.68,sugarcane
69.6,54.0,41.1,24.2,79.2,165.4,6.05,jute
24.6,75.5,18.5,24.0,66.9,45.0,6.31,lentil
20.1,125.6,182.3,25.4,80.7,92.9,6.46,grapes
17.2,54.0,20.0,34.1,77.2,56.1,6.43,mungbean
22.1,16.2,9.9,20.1,86.8,124.4,6.81,orange
33.4,58.2,94.0,20.4,21.7,73.7,7.27,chickpea
16.0,13.2,43.1,19.6,87.3,71.7,6.28,pomegranate
35.1,73.5,20.5,33.8,65.5,76.0,6.7,blackgram
104.8,28.0,28.0,18.6,65.6,182.2,6.06,coffee
56.9,65.2,45.1,26.8,89.2,58.4,6.2,papaya
94.1,15.4,37.0,25.3,57.2,69.2,6.76,watermelon
114.2,83.2,213.9,33.9,75.9,170.7,6.08,banana
31.2,14.9,25.9,25.7,98.6,183.4,5.53,coconut
29.6,71.1,29.2,21.6,67.8,55.3,6.69,lentil
29.6,63.2,98.8,16.5,17.5,97.7,6.84,chickpea
22.7,62.2,18.1,24.0,62.9,54.7,6.02,lentil
34.9,142.5,202.9,18.6,85.5,100.9,6.22,apple
20.4,27.1,38.5,29.7,94.8,58.8,5.56,pomegranate
22.9,120.0,192.4,20.3,91.8,112.5,6.45,apple
112.6,42.0,37.4,28.4,85.7,281.6,6.6,rice
24.4,19.1,33.7,26.8,91.6,170.4,6.28,coconut
115.2,87.2,200.7,29.3,79.8,134.8,6.51,banana
27.7,46.5,17.2,25.1,59.1,32.2,4.77,mothbeans
94.9,54.4,41.8,31.2,91.5,214.3,6.63,rice
28.9,10.8,43.4,23.4,91.4,55.5,6.52,pomegranate
16.8,35.9,15.5,30.7,42.4,31.4,6.3,mothbeans
20.4,75.3,89.1,17.7,21.0,91.9,7.32,chickpea
89.8,36.0,29.2,27.1,71.9,80.5,7.14,maize
29.5,58.6,18.3,28.6,58.2,30.2,8.69,mothbeans
29.8,42.3,17.9,28.5,83.5,46.3,7.12,mungbean
23.9,37.7,15.2,34.1,79.0,60.5,7.2,mungbean
27.9,24.4,13.6,12.2,94.5,112.7,6.01,orange
91.2,23.2,37.8,28.6,57.8,48.4,6.22,watermelon
21.8,58.6,21.8,28.0,77.8,47.6,6.29,mungbean
83.7,26.8,34.6,24.4,51.3,190.6,6.56,coffee
60.6,45.0,54.4,13.4,64.0,96.5,6.79,wheat
17.5,43.9,19.0,24.5,51.7,56.5,4.47,mothbeans
29.0,58.5,16.7,33.7,86.1,46.3,6.27,mungbean
57.7,62.2,46.9,27.3,90.9,106.8,6.04,papaya
54.5,69.0,56.9,30.2,89.9,43.2,6.98,papaya
32.9,25.1,30.0,28.7,91.5,133.0,5.65,coconut
81.0,23.2,45.6,25.7,86.7,25.7,6.3,muskmelon
12.0,72.5,83.6,21.2,14.4,94.9,7.95,chickpea
83.8,21.6,48.9,29.9,92.5,28.7,6.5,muskmelon
16.0,25.7,37.7,29.0,95.1,143.3,6.3,coconut
126.3,65.0,16.2,34.7,62.2,103.5,7.52,cotton
97.9,18.7,38.3,24.9,63.2,67.1,6.34,watermelon
20.0,78.1,77.7,15.8,19.8,79.8,7.38,chickpea
24.2,22.6,33.4,28.7,92.8,176.5,5.31,coconut
41.5,48.8,55.0,26.4,90.9,86.9,6.45,papaya
120.8,45.1,35.7,27.0,57.5,90.9,7.35,cotton
106.1,98.1,214.8,32.7,86.8,153.2,5.84,banana
93.9,35.4,39.8,34.0,68.6,200.3,7.27,sugarcane
37.6,39.8,25.9,32.4,50.6,107.5,7.01,mango
110.9,40.0,35.1,29.8,87.7,259.4,6.66,rice
34.9,56.1,89.9,17.3,15.0,63.1,7.39,chickpea
96.8,44.5,47.7,27.1,70.6,247.2,6.23,sugarcane
22.5,137.2,205.0,28.6,75.2,87.0,5.85,grapes
68.8,38.3,43.1,29.5,84.2,170.9,6.78,jute
26.4,49.8,16.9,29.3,52.5,48.1,6.63,mothbeans
35.3,22.8,40.8,33.8,51.5,143.7,6.25,mango
80.9,21.7,35.2,30.5,88.1,20.4,6.59,muskmelon
31.2,16.6,27.9,24.1,54.5,111.3,5.77,mango
18.0,37.4,16.7,34.2,87.3,48.9,6.86,mungbean
75.1,53.5,45.9,24.9,84.0,182.9,7.48,jute
10.3,59.1,97.5,23.7,18.8,84.0,7.33,chickpea
100.2,99.0,196.7,34.8,85.0,150.8,5.72,banana
38.7,15.2,45.0,31.4,57.4,100.6,5.53,mango
42.9,56.8,47.4,23.4,94.5,59.3,6.24,papaya
96.8,48.0,36.8,29.6,75.2,166.9,6.6,jute
11.5,131.3,204.1,21.5,90.0,82.4,6.12,grapes
21.9,77.7,92.4,16.5,20.5,69.0,6.45,chickpea
25.2,78.3,30.0,26.6,62.9,57.6,6.05,lentil
31.0,18.2,37.3,22.9,93.3,55.9,6.29,pomegranate
25.8,19.2,39.2,28.4,90.6,166.6,5.51,coconut
24.2,37.0,29.3,31.5,54.1,100.7,5.77,mango
16.2,55.1,26.0,25.7,64.1,49.8,6.42,lentil
78.6,39.9,53.3,25.3,89.0,176.7,6.95,jute
24.3,11.1,25.6,28.6,95.4,170.9,5.52,coconut
94.0,10.3,36.6,26.8,85.3,26.3,6.43,muskmelon
63.2,50.7,25.3,29.8,52.8,83.9,7.44,maize
27.1,54.2,16.1,31.4,87.5,54.4,6.85,mungbean
108.4,79.4,198.8,33.2,81.9,128.6,6.14,banana
23.0,124.5,200.1,23.0,89.4,114.7,6.6,apple
26.8,144.2,204.7,29.0,83.2,68.0,6.42,grapes
28.2,70.4,80.8,16.8,15.8,67.5,7.56,chickpea
23.8,127.6,180.3,25.9,83.0,93.4,6.62,grapes
23.3,24.7,41.9,28.0,87.5,82.7,6.38,pomegranate
85.5,13.1,51.5,25.3,89.2,21.7,6.88,muskmelon
28.3,18.2,37.8,26.8,87.4,52.0,6.29,pomegranate
34.5,27.5,38.3,25.1,93.5,70.9,5.53,pomegranate
79.7,44.4,44.8,28.9,86.6,170.2,6.5,jute
39.6,47.3,51.4,24.5,94.5,78.0,6.32,papaya
17.1,141.6,207.1,17.6,85.2,106.7,5.57,apple
80.7,98.9,209.1,28.0,87.4,122.5,6.63,banana
54.8,52.6,51.0,26.8,89.7,62.8,6.96,papaya
85.7,80.4,198.0,32.5,84.8,149.7,5.96,banana
38.8,19.9,44.0,34.9,55.7,148.7,6.64,mango
104.4,25.6,50.2,25.5,56.3,61.0,6.37,watermelon
43.0,55.0,47.2,22.3,58.7,96.4,7.41,wheat
42.7,76.5,23.7,25.1,67.8,73.8,7.49,blackgram
32.8,16.6,29.7,27.6,99.4,124.8,5.66,coconut
23.3,75.6,25.6,27.4,66.0,48.3,6.96,lentil
30.0,51.0,48.1,26.0,93.1,62.4,6.19,papaya
13.9,56.0,98.0,21.2,20.4,79.3,6.23,chickpea
99.5,15.7,26.3,27.1,52.8,187.3,6.41,coffee
64.3,58.8,46.0,20.2,58.3,99.5,7.1,wheat
26.9,148.1,203.6,19.1,91.9,110.3,5.86,apple
106.0,25.9,26.2,23.1,66.1,182.1,6.05,coffee
109.4,23.5,51.9,27.3,91.8,25.9,6.6,muskmelon
85.0,93.8,191.0,33.8,89.2,111.9,6.1,banana
53.4,45.5,49.9,30.5,87.8,112.8,6.63,papaya
17.1,123.2,186.7,22.8,84.1,69.8,5.86,grapes
34.1,14.8,29.9,25.9,95.8,135.5,5.66,coconut
62.4,43.3,35.2,27.0,54.6,72.6,6.24,maize
21.1,39.2,24.8,30.8,50.0,48.1,4.95,mothbeans
43.8,50.0,39.3,14.8,58.8,77.7,6.05,wheat
45.1,42.8,44.7,18.9,54.0,96.0,7.39,wheat
29.7,51.1,22.2,31.8,47.5,54.1,6.28,mothbeans
21.6,56.2,27.8,27.9,65.9,47.1,6.8,lentil
24.1,46.1,22.4,25.8,41.2,39.0,6.54,mothbeans
22.4,43.0,16.9,26.5,59.5,42.3,6.35,mothbeans
87.9,26.3,34.3,27.7,62.2,174.5,6.11,coffee
106.3,34.1,26.4,18.6,55.6,168.3,6.25,coffee
51.4,74.1,16.5,31.9,69.5,80.5,6.83,blackgram
114.4,40.9,42.5,25.7,84.2,235.5,6.35,sugarcane
34.5,16.7,41.0,19.1,91.1,46.3,6.94,pomegranate
87.1,25.9,44.7,27.4,50.9,161.5,6.13,coffee
87.8,88.3,191.2,27.1,82.7,100.4,5.51,banana
95.4,80.2,201.7,26.5,83.3,143.3,6.49,banana
18.1,24.2,41.8,18.3,89.1,63.3,6.5,pomegranate
102.9,50.8,44.0,23.5,78.2,250.9,6.63,rice
32.4,26.8,26.2,34.5,59.1,135.0,7.48,mango
98.8,46.7,61.0,31.2,73.1,171.5,6.53,sugarcane
23.1,146.7,197.4,24.5,77.3,79.0,6.52,grapes
79.4,53.0,53.2,23.6,88.7,191.3,7.19,jute
27.3,51.2,21.5,26.3,84.8,64.6,7.11,mungbean
11.1,131.2,208.3,24.6,85.1,85.3,6.0,grapes
82.4,88.1,207.5,26.1,80.8,136.5,5.98,banana
22.2,134.3,197.3,21.4,94.0,104.9,6.0,apple
67.0,48.0,39.9,28.0,85.5,183.7,6.92,jute
91.5,45.2,41.0,24.1,75.7,168.8,7.13,jute
51.1,68.9,53.0,27.8,94.5,91.4,6.3,papaya
24.1,132.7,190.4,21.0,79.0,68.2,6.28,grapes
30.8,34.3,38.1,25.7,58.1,117.7,6.06,mango
19.2,65.0,27.7,18.2,66.5,53.4,6.8,lentil
26.0,17.2,36.3,25.1,90.3,54.2,6.18,pomegranate
15.3,23.1,8.2,21.0,85.5,101.3,7.08,orange
88.8,71.1,184.3,28.4,87.0,145.8,6.17,banana
16.1,144.6,190.8,18.7,90.4,104.4,6.47,apple
92.1,88.0,191.9,28.0,86.1,103.9,6.67,banana
18.2,17.6,12.0,24.2,85.5,125.8,6.69,orange
99.2,49.8,23.2,25.6,56.0,64.6,5.76,maize
27.5,67.6,97.3,23.2,16.7,70.4,6.76,chickpea
29.6,47.8,17.9,27.8,57.2,39.1,4.73,mothbeans
88.1,13.8,48.9,25.7,63.9,47.9,6.66,watermelon
39.1,77.5,78.3,22.6,14.2,60.9,6.65,chickpea
82.5,14.2,50.0,25.4,89.9,24.4,6.33,muskmelon
88.2,17.4,37.3,25.7,62.9,187.1,6.04,coffee
30.9,21.8,36.0,24.6,92.0,95.5,6.44,pomegranate
50.4,69.9,18.9,29.7,68.5,70.2,7.37,blackgram
28.8,135.4,203.0,23.9,89.4,127.0,6.48,apple
70.6,48.4,36.0,23.8,70.1,200.0,7.2,jute
113.0,98.7,212.8,25.0,84.5,104.1,5.83,banana
119.2,84.5,214.5,30.9,80.6,122.9,5.76,banana
31.6,63.9,89.2,19.8,19.3,97.5,7.47,chickpea
29.5,33.5,31.3,31.1,50.9,129.9,5.9,mango
114.4,29.5,26.4,25.1,60.9,155.7,6.46,coffee
19.7,19.6,40.5,25.6,87.6,106.4,5.75,pomegranate
43.8,58.8,22.3,31.0,67.3,83.1,7.48,blackgram
23.0,62.4,95.5,23.0,19.6,70.9,7.18,chickpea
28.4,49.2,23.3,34.9,77.5,57.3,6.87,mungbean
16.2,69.1,28.9,22.8,63.0,42.9,6.15,lentil
108.1,26.4,54.7,26.8,94.7,24.3,6.35,muskmelon
16.4,55.9,81.6,21.0,14.4,79.9,7.19,chickpea
26.7,26.3,44.9,22.7,85.5,96.1,6.41,pomegranate
15.2,9.8,9.8,27.7,88.8,122.5,6.15,orange
125.0,48.6,29.7,23.4,72.1,103.1,6.28,cotton
88.2,14.4,48.2,29.4,90.9,20.2,6.73,muskmelon
95.7,23.3,38.9,18.0,62.4,174.9,6.79,coffee
104.1,96.8,197.7,31.1,84.5,147.3,6.41,banana
11.6,39.3,29.5,27.3,49.6,96.1,5.5,mango
104.0,92.3,200.3,31.3,76.1,120.4,5.97,banana
31.1,61.1,48.9,23.6,87.3,104.2,6.85,papaya
100.9,23.0,40.5,25.2,64.5,58.0,6.18,watermelon
45.9,63.9,16.5,31.0,68.1,71.5,6.63,blackgram
17.4,52.1,20.9,32.5,79.6,51.2,6.61,mungbean
92.8,55.3,40.2,27.4,66.2,177.0,7.15,sugarcane
103.1,41.3,49.8,24.2,78.4,202.3,7.35,sugarcane
63.4,54.7,48.3,25.0,81.7,155.5,7.45,jute
31.8,22.4,41.4,18.3,93.3,95.2,5.89,pomegranate
25.1,56.5,24.6,31.3,77.8,42.6,7.01,mungbean
32.1,17.9,28.0,27.1,93.9,211.5,6.19,coconut
27.4,138.9,196.0,16.7,84.1,64.7,6.14,grapes
32.6,11.6,35.6,29.6,92.7,157.0,5.94,coconut
30.2,67.1,16.2,28.1,69.3,64.9,7.47,blackgram
45.3,68.0,58.6,24.9,88.7,89.5,6.16,papaya
97.4,29.8,50.1,27.5,65.6,51.7,6.23,watermelon
107.0,25.8,48.5,29.8,94.5,23.0,6.0,muskmelon
20.8,58.6,21.1,33.3,85.7,42.8,6.94,mungbean
113.3,88.0,184.6,25.9,88.6,153.5,6.58,banana
27.2,142.5,193.2,24.2,77.4,86.9,5.98,grapes
17.1,49.2,23.7,28.7,54.4,41.2,4.09,mothbeans
31.2,79.0,21.8,31.3,62.7,67.5,7.44,blackgram
25.6,20.4,7.3,28.4,90.9,111.4,6.75,orange
91.8,23.9,38.9,29.5,87.6,28.9,6.9,muskmelon
116.5,47.8,45.0,29.6,86.2,255.3,6.69,rice
101.9,52.3,48.0,22.7,87.8,185.6,5.99,rice
94.7,16.4,25.5,19.4,69.3,188.5,6.97,coffee
34.9,15.8,36.5,20.9,94.4,76.4,6.05,pomegranate
19.6,19.1,5.7,13.9,87.1,122.1,6.28,orange
15.3,82.4,85.5,18.8,18.2,61.9,6.33,chickpea
107.5,72.1,187.0,33.6,78.4,167.0,5.86,banana
33.6,120.2,205.0,24.0,86.4,102.9,6.05,apple
19.3,21.8,44.1,27.6,94.2,108.5,5.52,pomegranate
23.8,27.1,35.3,29.4,92.0,207.3,5.28,coconut
18.9,26.3,43.0,23.8,88.0,84.7,5.93,pomegranate
50.8,65.7,30.8,13.0,54.1,68.0,6.35,wheat
108.8,23.4,53.7,26.1,64.2,60.4,6.32,watermelon
85.6,42.3,42.3,25.5,89.6,180.0,6.27,rice
88.9,56.6,31.0,26.3,63.6,75.1,6.19,maize
22.2,53.9,17.8,26.5,58.5,31.7,6.61,mothbeans
19.0,14.2,41.9,20.6,89.4,94.7,6.68,pomegranate
17.6,44.0,21.4,25.7,80.4,53.4,7.2,mungbean
31.2,49.7,57.5,32.2,88.5,70.1,6.53,papaya
23.1,70.1,20.6,25.5,65.7,43.7,6.06,lentil
29.9,13.4,27.8,27.3,92.9,144.7,6.04,coconut
10.1,19.2,39.3,31.3,59.5,133.3,7.4,mango
89.7,23.3,46.1,27.4,86.3,20.9,6.83,muskmelon
85.3,21.4,46.6,27.9,64.7,46.9,6.55,watermelon
101.9,81.4,219.1,26.1,81.3,103.4,6.46,banana
15.4,137.9,206.0,29.2,76.6,66.2,6.74,grapes
13.8,140.2,209.3,16.5,75.1,77.3,5.89,grapes
118.8,58.0,37.7,29.1,69.6,168.1,7.22,sugarcane
114.1,90.0,203.7,33.9,77.8,106.3,5.81,banana
29.9,61.0,28.5,28.0,62.2,48.0,6.41,lentil
93.5,39.3,37.4,29.0,73.1,198.7,7.26,jute
112.3,42.6,37.0,28.2,81.0,168.3,6.24,rice
81.3,36.6,23.4,19.6,51.6,119.4,6.14,maize
28.9,134.9,191.4,17.4,86.8,89.4,6.18,grapes
33.1,135.5,193.1,24.2,92.6,122.0,6.42,apple
15.3,79.6,19.0,27.8,62.8,42.6,6.44,lentil
93.3,20.6,52.5,32.0,90.8,28.1,6.33,muskmelon
16.3,30.0,25.4,29.2,93.7,204.2,5.92,coconut
16.9,130.1,209.4,27.8,85.5,89.1,6.36,grapes
41.4,67.8,54.2,27.9,94.3,43.9,6.21,papaya
40.4,65.6,22.9,27.0,68.2,79.5,6.92,blackgram
33.7,27.3,37.3,27.3,91.1,108.0,6.06,pomegranate
19.3,17.6,9.5,13.8,90.1,115.9,7.22,orange
19.7,127.9,190.8,16.2,94.9,109.5,5.65,apple
128.7,55.8,39.8,22.8,53.1,96.2,7.07,cotton
45.0,46.4,31.6,19.5,59.3,80.2,7.23,wheat
17.0,59.0,29.4,28.6,69.1,59.8,6.21,lentil
65.9,38.2,50.8,27.3,70.9,181.1,6.46,jute
56.0,69.4,35.6,20.0,56.5,62.8,6.73,wheat
89.8,52.5,39.1,22.5,57.1,112.1,5.95,maize
29.7,139.9,192.3,22.2,90.0,126.8,6.7,apple
98.5,35.4,39.2,18.5,72.3,91.7,7.49,maize
27.9,56.1,18.6,31.9,79.7,41.5,6.9,mungbean
130.5,58.9,25.9,32.4,53.6,87.2,5.81,cotton
92.4,43.1,49.6,27.7,92.2,220.8,5.68,rice
22.7,69.5,29.2,26.1,64.8,56.2,6.95,lentil
19.4,46.2,22.3,31.9,89.8,45.6,6.86,mungbean
100.9,20.7,40.9,23.8,62.7,205.9,6.4,coffee
108.4,18.0,50.7,26.9,94.9,20.3,6.6,muskmelon
25.6,59.6,15.5,24.8,54.4,38.5,4.68,mothbeans
33.1,13.8,34.2,27.0,90.4,154.7,5.54,coconut
29.2,14.3,35.4,20.4,86.8,63.6,6.13,pomegranate
23.7,50.5,22.8,32.0,87.5,41.4,6.95,mungbean
15.7,24.0,13.4,24.4,85.8,103.2,6.74,orange
21.5,51.5,19.4,26.2,51.2,40.4,9.47,mothbeans
96.6,59.1,58.8,25.3,73.0,167.0,6.38,sugarcane
17.5,59.6,20.4,22.6,60.5,48.0,6.51,lentil
25.2,19.5,37.7,18.4,91.1,67.7,5.95,pomegranate
28.2,29.0,42.3,18.6,93.8,100.4,6.16,pomegranate
24.9,123.6,190.3,18.0,92.0,123.7,5.88,apple
95.3,36.4,58.3,29.7,80.2,165.0,6.86,sugarcane
98.9,36.0,47.3,26.9,81.2,230.0,6.69,sugarcane
103.9,54.6,56.3,29.9,72.1,207.7,6.51,sugarcane
29.1,134.7,195.2,23.8,90.8,106.6,5.85,apple
28.7,11.9,44.2,24.8,88.6,93.0,5.89,pomegranate
115.1,34.9,32.4,22.5,64.4,212.0,6.59,coffee
26.0,40.8,23.1,30.9,78.2,45.9,6.83,mungbean
28.8,47.6,18.3,29.9,40.7,44.2,5.65,mothbeans
32.1,35.9,39.8,25.6,56.3,133.8,6.82,mango
117.9,53.0,27.9,33.9,64.9,109.6,7.67,cotton
98.8,43.5,48.3,25.7,82.5,220.5,6.13,sugarcane
95.4,16.2,46.5,27.3,85.4,22.7,6.01,muskmelon
87.3,39.6,41.1,26.3,80.8,193.7,6.42,rice
81.4,57.7,40.2,28.0,77.8,228.0,6.32,rice
34.7,35.1,36.1,29.7,47.1,134.3,6.04,mango
105.7,90.8,200.5,28.1,78.2,102.7,5.9,banana
72.7,57.6,36.3,14.6,55.1,79.1,6.44,wheat
53.0,54.3,45.1,24.8,64.1,94.5,7.33,wheat
116.0,52.4,28.3,29.5,72.9,100.6,7.38,cotton
89.4,23.8,40.4,25.5,57.8,50.3,6.43,watermelon
89.7,37.3,52.9,30.8,85.8,200.9,6.02,rice
28.3,16.8,39.0,29.6,92.1,123.9,6.16,coconut
105.4,28.9,52.7,29.9,59.2,48.4,6.96,watermelon
19.7,24.6,35.4,19.1,85.1,50.7,5.6,pomegranate
29.0,55.5,19.8,28.6,64.6,51.3,6.66,lentil
34.2,75.9,20.5,26.9,67.2,75.3,7.1,blackgram
100.5,28.6,25.8,18.8,64.3,155.0,6.07,coffee
87.0,52.3,42.7,31.2,73.4,201.2,5.67,rice
104.5,96.2,209.0,26.2,88.5,105.3,6.19,banana
89.9,43.9,50.2,20.2,72.9,156.9,5.56,rice
89.9,50.1,20.8,28.8,59.6,92.6,7.31,maize
42.5,56.2,54.0,23.9,87.3,114.5,6.91,papaya
112.1,42.1,38.5,29.0,90.2,298.6,6.12,rice
27.5,75.1,28.4,18.7,66.9,42.8,6.42,lentil
114.9,41.8,16.8,29.4,70.0,91.0,6.82,cotton
10.4,74.9,79.5,24.6,15.2,76.6,6.17,chickpea
23.4,19.6,38.8,22.4,85.5,88.0,6.15,pomegranate
96.7,25.6,35.3,30.7,85.4,28.9,6.99,muskmelon
87.4,39.9,37.8,27.9,73.7,103.5,6.73,maize
16.2,66.9,25.6,27.9,67.8,45.5,6.94,lentil
107.8,45.2,38.5,21.9,76.3,232.4,6.57,rice
54.1,51.2,58.5,33.9,94.4,81.6,6.68,papaya
95.0,11.0,35.7,28.4,61.6,65.2,6.16,watermelon
38.4,75.7,15.0,28.1,62.4,67.0,6.57,blackgram
45.5,73.0,16.1,25.4,69.9,67.0,6.55,blackgram
27.4,45.4,17.6,33.7,85.0,51.2,6.69,mungbean
109.0,18.9,45.0,26.0,62.1,59.9,6.75,watermelon
12.9,140.8,186.2,20.9,88.4,68.2,6.31,grapes
100.1,41.8,35.3,25.3,71.2,161.7,7.48,sugarcane
42.6,52.1,30.6,16.3,58.1,96.4,7.27,wheat
70.3,39.9,44.2,28.3,74.1,185.5,6.03,jute
91.7,58.7,17.3,23.9,51.4,93.0,6.38,maize
64.8,61.7,29.8,26.1,69.7,89.9,5.67,maize
96.5,18.1,51.7,30.7,91.1,23.7,6.26,muskmelon
111.1,52.8,37.8,23.9,68.7,91.6,7.41,cotton
84.7,23.2,41.8,21.8,61.4,191.1,6.18,coffee
100.4,88.8,217.1,25.2,82.2,155.0,6.44,banana
90.5,11.9,44.7,31.4,55.6,48.7,6.21,watermelon
32.9,15.4,31.2,29.5,99.0,188.6,6.32,coconut
66.0,48.0,38.4,29.1,82.3,157.9,7.44,jute
119.2,38.1,21.1,34.8,54.3,84.9,7.16,cotton
64.4,60.4,18.2,22.8,69.9,69.0,5.96,maize
85.6,39.7,49.3,29.1,72.5,193.3,6.89,jute
22.9,43.4,20.2,25.6,56.1,35.6,4.04,mothbeans
125.6,61.0,26.4,28.2,64.7,93.3,6.11,cotton
62.6,50.2,38.1,20.4,62.8,84.4,7.28,wheat
44.5,55.4,59.7,25.4,87.2,63.3,6.17,papaya
97.3,17.2,51.5,30.7,89.8,23.5,6.36,muskmelon
34.8,59.1,59.2,23.0,87.4,115.1,6.17,papaya
48.6,78.0,19.2,28.4,69.6,73.3,6.99,blackgram
39.2,63.9,18.4,30.2,64.4,86.4,7.01,blackgram
108.7,21.3,45.3,25.6,90.5,23.8,6.61,muskmelon
128.1,51.8,15.2,25.6,65.5,64.4,6.57,cotton
32.1,57.5,90.1,17.5,17.1,71.5,6.71,chickpea
66.1,42.3,42.5,24.1,86.0,185.4,6.29,jute
88.2,41.4,18.4,18.2,58.8,95.4,6.28,maize
25.7,6.1,8.7,20.1,90.6,121.9,6.53,orange
52.1,56.3,59.8,23.7,88.6,78.6,6.5,papaya
93.9,12.4,54.6,26.5,85.7,25.9,6.74,muskmelon
87.0,22.5,49.9,26.5,85.6,21.3,6.61,muskmelon
103.9,15.4,48.8,26.1,69.1,59.1,6.32,watermelon
32.6,59.8,97.0,23.7,14.2,93.0,6.26,chickpea
98.0,18.9,32.4,22.1,66.6,201.4,6.77,coffee
113.1,80.1,187.0,32.1,87.4,108.1,5.81,banana
29.5,29.6,27.3,26.1,92.1,199.3,5.44,coconut
107.5,18.1,37.9,30.0,87.9,25.3,6.7,muskmelon
84.8,82.6,210.0,25.7,76.2,128.4,6.72,banana
94.6,59.5,21.4,20.1,66.7,115.8,6.61,maize
101.9,22.4,38.7,25.2,87.8,24.4,6.62,muskmelon
28.0,39.5,24.5,25.8,46.5,52.7,6.02,mothbeans
36.2,53.0,52.0,34.3,94.3,56.5,6.36,papaya
28.7,29.0,29.0,29.1,90.6,173.8,5.29,coconut
44.2,56.2,45.1,32.8,88.6,83.3,6.68,papaya
114.3,53.1,59.8,28.3,70.5,176.5,6.8,sugarcane
77.3,58.1,46.5,17.2,63.6,85.5,7.15,wheat
30.3,18.9,42.9,25.4,86.1,50.9,6.16,pomegranate
106.2,74.6,197.6,31.2,76.3,170.6,6.54,banana
34.8,126.3,190.2,25.0,87.8,120.0,5.73,apple
29.4,39.4,41.9,24.3,58.5,134.8,7.06,mango
130.2,38.8,35.7,31.9,71.3,61.8,6.47,cotton
53.0,57.4,49.7,32.7,93.7,93.8,6.05,papaya
72.9,45.9,46.0,25.5,78.9,198.3,6.57,jute
115.6,72.4,209.3,26.9,87.9,165.5,6.2,banana
16.0,13.8,36.9,27.3,93.0,158.4,6.31,coconut
29.9,5.5,6.1,22.2,93.2,108.6,6.36,orange
80.4,23.3,34.6,18.2,55.2,203.2,6.14,coffee
33.5,20.3,26.8,27.6,91.3,179.2,5.83,coconut
16.7,21.4,5.4,27.4,90.1,111.9,6.75,orange
63.1,64.2,39.7,26.4,63.4,78.6,7.13,maize
85.8,52.1,23.9,29.8,65.1,74.2,5.7,maize
27.5,121.7,190.5,19.5,88.3,113.1,5.84,apple
100.1,49.4,44.9,22.3,88.1,192.1,5.54,rice
28.9,21.2,30.8,27.1,95.6,120.6,5.3,coconut
24.9,142.1,195.6,16.0,80.6,96.8,6.38,grapes
27.5,142.2,180.4,18.7,78.2,70.8,6.05,grapes
49.4,48.8,59.0,27.6,92.3,41.6,6.21,papaya
41.9,77.4,20.3,32.1,62.5,73.4,6.62,blackgram
17.0,59.4,24.6,26.6,79.5,42.5,6.47,mungbean
65.2,63.6,30.2,20.7,66.8,97.1,6.22,maize
65.1,39.6,18.5,25.7,54.5,80.7,7.29,maize
41.5,61.4,22.5,30.1,63.2,77.9,7.5,blackgram
94.5,63.5,18.7,29.1,62.3,75.5,6.42,maize
17.9,136.6,195.1,17.9,87.9,87.1,6.64,grapes
27.0,41.0,15.7,28.2,79.0,52.6,6.98,mungbean
22.3,20.5,37.1,26.8,95.2,187.1,5.55,coconut
15.4,128.6,199.7,29.5,84.1,63.1,5.88,grapes
28.8,35.3,20.5,29.9,49.7,32.6,9.72,mothbeans
23.4,24.4,6.8,21.9,89.2,113.4,6.38,orange
22.9,15.7,34.6,31.3,46.8,100.2,6.3,mango
106.7,62.3,64.8,25.1,69.7,245.0,7.44,sugarcane
28.6,54.0,21.8,26.4,43.7,52.7,6.53,mothbeans
20.0,49.5,23.9,30.7,84.5,53.0,6.25,mungbean
68.1,39.9,19.1,27.8,66.6,91.4,6.22,maize
20.8,71.5,23.3,25.8,60.6,56.3,6.94,lentil
32.1,52.0,49.9,34.3,87.8,76.9,6.67,papaya
24.4,36.9,16.1,25.5,78.9,43.4,6.46,mungbean
63.4,56.0,16.8,27.9,67.7,64.9,5.67,maize
94.5,21.7,25.5,18.2,66.6,169.1,6.52,coffee
80.0,54.6,36.9,25.1,82.8,167.5,7.39,jute
108.3,62.9,17.9,32.4,61.4,103.9,7.71,cotton
109.5,58.4,21.9,32.5,62.7,93.4,6.01,cotton
37.8,60.4,89.2,24.2,14.3,87.9,6.59,chickpea
90.8,53.1,43.3,32.6,70.7,218.7,7.01,sugarcane
10.1,21.2,39.8,27.5,46.5,105.2,6.04,mango
73.9,45.4,33.4,23.4,55.6,87.1,5.78,maize
34.5,57.7,51.9,33.8,94.3,70.7,6.49,papaya
101.4,19.3,25.2,20.4,69.5,206.1,6.96,coffee
63.1,42.3,53.6,16.7,63.7,91.2,7.13,wheat
94.3,42.0,45.9,21.7,90.1,161.2,6.98,rice
20.8,128.1,191.1,28.4,85.0,91.5,6.25,grapes
115.8,27.7,37.3,18.7,60.4,160.5,6.74,coffee
80.0,24.2,42.1,26.8,85.1,25.4,6.85,muskmelon
23.7,25.0,31.1,24.7,48.4,97.3,6.47,mango
94.7,43.6,54.3,26.2,72.9,169.5,7.43,jute
10.5,22.9,7.1,14.6,87.8,103.8,6.96,orange
105.3,18.6,42.6,31.4,87.5,28.4,6.48,muskmelon
20.3,124.8,182.5,15.3,77.5,95.6,6.04,grapes
118.5,55.6,44.6,26.5,84.1,242.3,6.69,sugarcane
17.5,69.7,80.5,24.9,21.6,61.6,7.41,chickpea
94.0,26.9,36.2,26.7,56.0,69.3,6.82,watermelon
121.5,51.2,44.7,25.4,82.8,197.1,7.32,sugarcane
102.0,23.2,53.6,30.6,63.5,59.7,6.9,watermelon
15.6,81.1,94.4,22.7,20.8,90.4,7.25,chickpea
71.1,66.2,35.4,13.1,57.2,80.6,7.24,wheat
24.7,19.3,42.9,27.9,90.5,52.6,6.2,pomegranate
95.2,54.3,41.8,25.4,70.1,184.0,7.24,jute
38.9,70.9,16.9,32.5,65.5,66.1,6.79,blackgram
40.6,68.0,50.2,22.9,51.4,89.6,7.44,wheat
87.4,59.2,50.5,31.3,92.4,239.7,6.88,rice
48.1,78.2,19.3,26.2,65.1,70.5,6.87,blackgram
47.4,64.1,23.8,32.3,61.1,72.2,7.39,blackgram
19.1,8.4,7.7,20.2,86.5,118.3,6.85,orange
96.3,94.8,210.6,30.7,89.3,116.0,5.64,banana
91.7,98.0,195.9,25.9,84.3,109.1,5.95,banana
80.7,36.5,47.5,24.8,86.1,190.9,7.47,jute
32.0,45.7,48.7,33.6,89.2,97.6,6.92,papaya
33.7,25.3,34.9,29.1,96.5,216.9,6.13,coconut
106.5,18.7,28.5,19.0,63.2,203.5,6.27,coffee
18.6,10.5,13.9,10.8,94.1,125.0,6.45,orange
10.0,27.8,25.9,27.0,55.6,84.4,7.18,mango
24.7,20.8,37.3,25.9,98.1,189.3,5.92,coconut
17.5,13.5,44.6,26.3,93.0,67.8,6.0,pomegranate
20.2,146.5,207.8,17.0,91.1,102.6,6.01,apple
88.4,13.5,42.6,30.4,60.9,62.5,6.13,watermelon
31.8,55.3,53.2,28.2,92.5,106.2,6.77,papaya
27.8,42.2,21.4,28.1,89.4,40.8,6.78,mungbean
25.1,29.8,32.0,25.3,92.6,163.6,5.4,coconut
108.9,49.9,57.0,24.9,78.4,239.6,6.09,sugarcane
24.7,146.5,186.1,23.8,85.5,87.2,6.21,grapes
82.4,18.9,40.2,26.7,67.5,68.1,6.19,watermelon
16.0,27.0,40.5,20.4,88.2,59.7,6.3,pomegranate
123.8,49.9,39.7,22.9,70.9,80.2,6.74,cotton
33.4,59.3,57.9,28.7,94.9,94.3,6.07,papaya
111.0,37.4,17.1,33.5,55.8,76.2,6.3,cotton
31.1,17.1,41.4,20.9,86.1,95.6,5.65,pomegranate
113.0,46.0,24.9,30.7,61.7,82.4,6.32,cotton
82.4,61.3,25.1,19.6,50.7,105.3,6.74,maize
20.2,76.7,76.6,18.2,18.3,91.6,6.64,chickpea
123.8,50.8,55.7,32.8,74.9,181.3,7.13,sugarcane
42.7,58.5,24.8,27.5,60.7,79.9,7.1,blackgram
43.4,69.8,33.2,12.9,63.2,72.1,6.98,wheat
65.2,49.4,37.0,27.4,77.1,189.4,6.35,jute
32.2,74.4,23.5,26.8,64.3,65.0,7.21,blackgram
35.0,84.5,88.1,16.7,16.2,60.7,7.83,chickpea
74.4,58.5,30.3,21.0,56.3,82.6,6.97,wheat
16.6,16.0,25.7,25.9,58.0,99.8,7.4,mango
108.0,48.2,37.7,31.2,69.3,169.7,6.62,sugarcane
96.9,26.1,37.7,28.6,62.6,44.3,6.62,watermelon
19.8,15.3,7.7,19.1,89.7,121.2,7.41,orange
109.0,18.8,40.6,30.4,59.9,49.0,6.23,watermelon
31.6,45.3,56.9,28.7,86.3,58.8,6.93,papaya
115.5,88.1,213.1,34.8,79.3,176.9,6.01,banana
13.8,15.4,40.4,32.9,46.8,98.6,5.54,mango
95.0,58.8,49.6,27.2,73.9,173.4,5.59,rice
30.8,18.4,31.0,27.9,57.1,99.5,5.92,mango
105.6,37.4,37.7,29.9,77.0,191.9,6.65,sugarcane
25.0,144.1,195.5,17.1,85.1,84.8,6.54,grapes
30.4,137.9,196.7,17.6,86.2,115.3,6.26,apple
33.1,21.7,26.3,27.2,97.6,199.4,5.84,coconut
30.0,15.4,26.8,26.3,99.2,178.2,5.89,coconut
25.3,25.5,33.4,27.8,91.1,132.6,5.89,coconut
44.6,67.0,52.9,34.2,89.8,79.2,6.12,papaya
24.7,78.1,92.1,19.5,16.2,99.9,6.85,chickpea
22.6,127.5,201.2,21.4,81.6,86.0,6.74,grapes
14.7,76.5,91.5,15.3,15.8,69.2,7.34,chickpea
50.9,65.0,54.5,18.4,50.1,65.6,6.48,wheat
80.3,24.3,49.1,29.0,69.9,49.4,6.34,watermelon
44.3,63.5,21.5,25.7,69.0,63.6,6.83,blackgram
88.5,61.9,27.8,24.4,52.7,86.8,6.57,maize
46.9,60.0,45.2,20.4,51.3,95.7,6.58,wheat
119.2,53.0,22.3,30.7,75.8,99.0,5.89,cotton
21.4,46.7,24.3,31.4,79.7,53.1,6.27,mungbean
22.8,15.9,27.6,32.4,45.0,109.2,6.55,mango
99.5,17.2,36.0,22.5,66.9,156.9,6.49,coffee
85.1,52.5,37.5,18.5,57.0,117.0,7.28,maize
38.5,77.9,78.5,23.7,17.9,95.8,7.6,chickpea
116.6,86.0,186.3,32.0,86.9,125.3,6.61,banana
17.5,52.8,16.8,27.4,82.4,62.9,6.41,mungbean
98.9,71.4,185.6,27.8,89.6,126.5,6.13,banana
53.9,61.3,39.1,22.8,56.8,88.8,6.16,wheat
43.5,65.9,53.6,35.0,87.9,62.4,6.16,papaya
106.5,23.2,39.2,30.9,68.3,45.9,6.74,watermelon
58.7,59.7,52.4,17.1,64.4,76.6,6.9,wheat
22.2,16.7,32.0,25.2,57.1,146.3,5.64,mango
101.2,19.1,48.4,30.7,57.5,40.6,6.78,watermelon
96.2,48.5,47.2,30.9,70.0,214.0,7.32,sugarcane
84.9,86.8,193.7,32.3,84.8,167.6,6.4,banana
20.2,131.1,208.0,27.4,85.5,88.6,6.26,grapes
35.5,81.0,92.7,23.4,19.6,87.2,7.24,chickpea
109.0,57.4,52.7,29.4,86.1,162.6,5.74,rice
91.2,26.0,42.3,24.7,63.4,65.4,6.8,watermelon
123.1,48.2,33.1,27.8,76.2,105.0,6.73,cotton
62.1,59.8,38.1,18.3,59.3,76.2,6.3,wheat
20.8,22.6,36.2,25.9,87.8,40.0,5.69,pomegranate
38.0,58.1,98.4,21.9,14.5,72.0,7.42,chickpea
92.6,53.7,45.3,29.7,80.7,169.7,7.27,jute
18.5,77.4,21.1,20.6,61.4,57.2,6.5,lentil
23.5,59.9,94.9,21.9,15.8,63.3,7.36,chickpea
80.0,27.4,50.9,29.0,66.3,44.6,6.46,watermelon
22.3,16.7,10.5,22.8,87.6,102.5,6.18,orange
60.6,46.3,53.6,27.7,86.5,150.7,6.81,jute
97.9,28.6,53.6,26.7,62.9,46.3,7.0,watermelon
76.7,63.0,36.7,18.5,50.7,82.6,7.12,maize
28.2,124.7,203.8,16.3,89.3,107.4,6.47,apple
97.3,21.3,45.0,25.5,85.9,26.0,6.34,muskmelon
29.6,14.0,30.6,27.5,97.3,131.3,5.73,coconut
19.0,60.0,27.4,28.9,63.7,55.0,6.9,lentil
139.7,62.8,28.5,32.8,65.6,91.2,6.0,cotton
28.7,50.3,20.5,26.0,46.9,55.6,7.08,mothbeans
115.2,60.9,28.0,27.7,50.8,77.1,6.64,cotton
30.5,57.3,96.3,20.0,17.8,83.7,7.65,chickpea
22.8,55.7,81.7,20.4,19.1,70.3,6.28,chickpea
29.0,18.2,27.1,28.3,95.2,183.9,5.64,coconut
67.0,41.7,35.4,25.8,81.0,181.0,7.0,jute
19.2,129.4,193.6,24.0,89.0,107.4,6.08,apple
108.0,40.0,17.6,29.9,71.2,61.6,7.86,cotton
101.7,42.2,46.8,20.4,70.9,273.4,6.04,rice
34.5,64.8,24.5,26.4,67.6,63.3,7.48,blackgram
84.8,51.0,37.3,27.5,53.8,78.7,6.0,maize
107.9,52.6,42.2,23.5,90.2,271.5,6.8,rice
91.2,21.0,36.0,28.0,93.3,28.1,6.22,muskmelon
22.0,38.3,24.3,33.7,85.6,42.7,6.98,mungbean
26.4,133.2,191.3,19.6,93.2,118.4,6.58,apple
52.8,64.3,47.2,21.4,60.5,72.4,6.15,wheat
93.0,10.6,40.2,24.3,68.2,47.3,6.56,watermelon
26.9,134.6,190.0,26.9,81.8,67.3,6.65,grapes
81.6,49.8,48.6,20.2,82.8,184.0,6.47,rice
41.0,55.8,54.3,23.9,90.0,54.6,6.57,papaya
19.0,57.8,21.3,32.2,78.9,58.0,6.23,mungbean
34.0,25.3,29.0,28.0,97.2,214.1,6.35,coconut
33.9,130.1,201.2,16.0,87.0,112.4,5.77,apple
11.5,16.8,33.1,27.2,48.5,99.7,7.11,mango
83.9,15.1,42.1,29.4,55.9,46.3,6.81,watermelon
116.8,60.4,35.3,28.0,83.1,224.0,6.81,sugarcane
35.1,15.4,32.6,27.7,45.3,88.7,6.33,mango
25.2,58.3,20.8,25.0,51.6,53.0,6.1,mothbeans
51.4,71.7,19.4,34.5,67.2,87.9,7.03,blackgram
26.3,140.6,183.3,19.3,79.6,70.0,6.32,grapes
115.5,27.9,30.7,26.2,67.2,209.3,6.92,coffee
27.5,10.2,27.9,27.5,99.5,158.4,5.75,coconut
107.0,55.7,20.0,28.5,52.9,82.5,7.46,cotton
21.8,138.4,199.1,18.6,85.7,63.7,6.0,grapes
38.7,28.2,29.8,29.5,55.2,85.3,6.05,mango
28.0,26.5,31.3,25.4,92.7,218.0,5.98,coconut
16.4,55.9,91.3,18.7,20.9,78.9,7.94,chickpea
112.7,56.5,35.1,26.1,80.4,183.3,5.68,rice
19.0,19.9,42.4,27.2,90.0,61.4,6.96,pomegranate
80.1,44.1,50.1,23.9,80.9,177.3,6.13,jute
31.2,49.9,53.0,34.2,93.3,107.4,6.3,papaya
49.1,58.9,56.1,27.0,92.7,74.6,6.48,papaya
91.7,14.8,36.9,27.2,86.0,21.8,6.99,muskmelon
95.5,45.5,17.9,19.7,69.0,97.1,5.7,maize
109.8,19.0,44.2,21.7,56.5,160.4,6.31,coffee
12.2,12.9,8.4,21.4,93.6,102.4,6.11,orange
90.4,59.2,40.3,30.1,71.7,208.5,6.47,sugarcane
97.6,17.9,31.6,22.3,51.8,165.4,6.6,coffee
12.3,23.7,6.8,15.1,89.1,111.5,7.19,orange
52.9,77.2,21.3,33.1,60.7,70.0,6.81,blackgram
39.4,30.1,32.2,31.1,46.8,142.2,6.51,mango
72.4,46.7,47.9,24.3,57.9,81.6,6.69,wheat
114.0,42.9,38.4,26.7,93.4,254.4,6.36,rice
28.2,51.2,24.0,29.0,42.6,39.3,4.79,mothbeans
45.1,66.6,48.6,23.9,88.6,99.8,6.55,papaya
33.4,78.8,18.3,31.6,67.5,84.4,7.45,blackgram
21.5,9.3,13.6,28.8,90.2,110.6,6.35,orange
26.9,17.3,37.1,27.6,91.2,132.9,5.9,coconut
86.6,17.6,51.2,30.8,88.8,24.6,6.3,muskmelon
15.0,6.3,11.9,21.4,89.0,110.9,6.33,orange
52.7,75.5,23.9,27.0,62.8,68.7,6.88,blackgram
18.1,38.3,17.0,30.2,48.5,47.0,3.63,mothbeans
127.2,37.2,15.8,24.6,63.9,103.4,7.4,cotton
29.1,129.8,190.6,22.6,89.1,95.1,5.9,grapes
30.2,21.5,31.9,34.1,49.4,112.9,7.28,mango
30.0,77.9,23.4,32.4,61.7,63.6,6.57,blackgram
19.2,42.0,19.0,32.0,41.1,47.4,4.03,mothbeans
68.1,55.4,51.8,15.8,51.3,97.5,6.57,wheat
27.7,41.6,19.2,24.3,49.0,47.3,7.15,mothbeans
26.3,32.7,28.3,32.6,53.8,146.7,5.58,mango
38.9,17.2,38.7,29.4,50.8,124.3,6.91,mango
12.1,38.5,35.1,28.5,57.2,138.5,6.16,mango
99.5,39.5,29.9,22.6,74.2,110.5,7.18,maize
99.1,52.5,46.1,28.5,75.7,170.4,6.23,sugarcane
21.4,6.1,6.4,22.5,87.1,115.1,6.82,orange
88.6,26.1,54.9,24.2,68.5,58.7,6.97,watermelon
20.6,50.7,16.5,33.2,78.5,56.3,6.61,mungbean
55.7,55.9,47.9,25.3,92.7,61.2,6.77,papaya
16.9,76.9,29.7,20.1,67.2,40.8,6.41,lentil
87.9,62.7,32.7,19.8,64.4,96.4,6.35,maize
19.1,23.1,39.3,33.0,47.7,106.0,7.3,mango
23.1,57.2,18.7,19.3,65.9,50.9,6.23,lentil
22.0,59.7,26.4,24.7,63.6,58.2,6.02,lentil
15.4,21.5,10.2,19.2,88.1,117.4,7.09,orange
79.4,53.5,24.2,23.6,68.7,62.2,6.0,maize
87.4,39.2,39.8,25.0,78.2,161.7,6.03,jute
53.4,48.3,54.0,23.4,90.0,52.4,6.18,papaya
74.1,47.3,51.9,12.2,61.0,97.3,6.99,wheat
16.9,42.4,22.8,27.8,44.5,35.0,5.63,mothbeans
90.6,11.0,35.6,27.4,56.3,58.2,6.88,watermelon
11.0,10.4,11.5,20.7,94.4,111.9,7.04,orange
21.8,6.8,9.3,13.5,94.9,116.8,7.03,orange
19.6,12.5,9.9,21.6,86.9,127.0,7.01,orange
83.0,44.0,37.3,30.4,85.6,199.6,5.6,rice
34.2,26.5,35.9,28.8,45.7,91.6,6.39,mango
24.3,23.8,14.1,28.9,87.4,103.9,6.45,orange
108.0,28.3,47.7,29.4,89.0,27.5,6.53,muskmelon
85.1,48.1,50.4,22.6,85.6,162.8,5.58,rice
96.7,51.0,44.0,28.0,81.7,174.6,6.29,jute
18.6,73.5,99.5,21.3,16.1,85.4,7.08,chickpea
31.9,39.2,29.5,31.3,56.1,139.4,6.35,mango
82.4,29.9,38.1,31.9,94.8,27.9,6.66,muskmelon
24.1,50.8,19.2,26.4,76.4,40.4,7.07,mungbean
109.0,31.4,29.3,23.1,66.8,201.3,6.54,coffee
47.0,60.4,45.6,27.8,91.5,95.8,6.64,papaya
24.1,144.5,196.4,29.5,75.8,80.2,6.52,grapes
49.9,73.5,21.5,26.6,65.5,62.6,6.88,blackgram
81.5,11.1,48.8,28.2,87.3,26.1,6.25,muskmelon
125.2,48.0,47.4,24.4,75.0,205.4,6.84,sugarcane
40.9,78.0,18.5,25.5,62.0,72.6,6.72,blackgram
39.8,68.6,16.6,31.9,61.7,69.3,7.0,blackgram
18.6,24.2,38.8,22.8,92.8,107.4,5.69,pomegranate
74.7,50.4,51.2,25.8,88.9,170.3,7.16,jute
58.2,40.9,39.9,19.4,64.3,80.7,7.23,wheat
26.1,72.8,89.5,15.9,21.0,70.6,6.26,chickpea
16.5,6.9,14.8,15.7,89.2,119.5,6.04,orange
80.5,34.1,39.8,21.5,55.9,174.5,6.77,coffee
18.8,5.9,10.4,16.8,89.7,118.4,7.3,orange
106.7,90.4,194.5,30.9,75.2,150.9,6.69,banana
93.5,41.7,40.6,28.3,78.2,176.4,6.02,sugarcane
90.0,45.3,50.1,22.7,71.9,193.5,5.74,rice
85.5,26.5,40.7,31.4,69.5,57.1,6.14,watermelon
89.5,85.4,184.2,28.8,82.3,152.2,6.74,banana
23.6,43.6,23.1,25.9,44.5,45.1,5.17,mothbeans
29.5,64.4,18.7,22.1,65.1,43.2,6.66,lentil
29.1,22.9,38.7,29.4,85.2,61.3,6.88,pomegranate
34.9,52.1,56.9,33.9,94.8,58.6,6.88,papaya
30.7,18.9,32.3,28.9,93.8,164.3,5.69,coconut
109.1,41.4,30.3,26.8,75.2,105.0,6.58,cotton
13.8,75.6,85.8,17.0,17.9,62.6,7.16,chickpea
33.7,16.2,38.0,28.8,92.5,123.6,5.33,coconut
69.7,38.4,30.3,21.5,64.5,69.3,6.46,maize
27.8,56.6,19.1,32.6,77.2,40.2,6.22,mungbean
15.4,54.6,15.1,30.1,57.9,43.0,6.93,mothbeans
92.9,21.9,55.0,30.2,61.0,64.8,6.17,watermelon
17.3,46.0,20.1,26.1,46.3,32.6,5.44,mothbeans
119.4,41.1,48.4,29.1,75.9,259.2,6.05,rice
110.5,81.6,200.5,29.9,83.7,169.2,6.77,banana
22.7,37.5,15.2,31.7,47.5,48.1,4.01,mothbeans
29.9,129.4,196.1,23.4,85.7,126.4,5.83,apple
125.9,54.7,61.5,28.9,75.8,241.9,7.35,sugarcane
20.1,58.2,22.7,20.0,67.3,44.2,6.06,lentil
25.9,139.6,197.7,21.5,85.4,101.6,6.09,apple
112.9,95.7,216.7,29.3,79.8,146.6,5.98,banana
18.1,122.1,203.5,19.3,81.5,87.4,6.13,grapes
24.8,138.1,196.5,24.8,91.7,101.3,5.92,apple
137.1,36.8,38.4,25.9,53.0,84.3,6.36,cotton
31.6,29.4,38.3,28.0,95.3,122.8,5.52,coconut
120.3,36.2,18.7,34.8,79.0,60.2,7.89,cotton
28.3,12.4,8.7,17.7,93.4,119.5,6.92,orange
17.9,8.8,5.6,21.8,94.9,105.0,6.07,orange
81.5,52.6,33.6,23.2,53.2,77.0,6.23,maize
59.0,67.9,47.5,24.5,85.9,112.8,6.19,papaya
63.0,51.6,39.2,24.3,65.7,101.7,6.41,maize
50.6,55.6,41.3,12.2,58.4,86.5,6.89,wheat
97.5,29.6,40.3,19.6,62.2,159.5,6.75,coffee
34.9,60.9,18.0,31.4,66.0,80.9,6.86,blackgram
79.0,55.0,19.3,20.3,51.0,70.1,6.06,maize
11.4,135.6,185.4,29.6,76.7,76.1,6.54,grapes
32.5,17.9,38.4,20.5,88.8,62.2,6.52,pomegranate
17.0,56.3,75.4,24.9,17.4,75.4,7.36,chickpea
78.7,47.4,21.8,18.7,71.6,108.8,7.5,maize
29.1,19.0,36.0,26.5,85.3,100.9,5.71,pomegranate
56.1,66.7,39.6,21.6,57.1,64.9,7.39,wheat
21.9,48.2,15.3,31.4,76.2,50.9,6.49,mungbean
88.8,14.2,50.3,26.8,93.7,21.0,6.13,muskmelon
11.3,133.8,202.0,24.1,85.1,63.2,6.75,grapes
48.4,69.9,23.8,25.5,62.6,74.0,6.73,blackgram
121.1,56.9,17.0,21.8,57.4,68.0,7.72,cotton
87.5,22.1,40.7,23.5,50.1,203.3,6.04,coffee
33.9,134.7,196.8,24.2,85.2,117.4,6.21,apple
65.4,37.9,48.9,27.5,85.7,196.9,7.04,jute
110.5,45.8,17.2,34.1,66.6,75.3,6.67,cotton
81.2,18.2,37.6,24.2,60.4,63.5,6.57,watermelon
57.8,57.1,43.2,12.5,59.2,93.1,6.24,wheat
109.4,29.3,42.9,30.1,88.5,26.7,6.81,muskmelon
73.4,59.1,15.1,22.0,60.0,92.2,7.34,maize
23.2,65.1,24.2,30.0,61.4,53.5,6.4,lentil
32.3,24.9,43.6,23.9,86.3,88.7,5.81,pomegranate
28.4,46.2,19.6,25.8,85.1,60.5,6.44,mungbean
20.8,59.2,22.0,24.7,57.3,44.4,3.94,mothbeans
92.2,16.6,44.1,30.1,56.9,45.9,6.95,watermelon
23.2,66.9,29.1,18.9,62.8,47.0,6.78,lentil
99.9,48.5,35.7,30.4,73.3,177.0,6.31,sugarcane
24.9,132.6,198.2,17.3,86.4,105.9,5.57,apple
29.2,10.1,32.8,25.2,95.7,212.1,6.46,coconut
22.9,24.9,40.8,22.7,86.7,55.9,6.36,pomegranate
10.6,58.1,95.0,16.8,19.2,69.5,6.2,chickpea
23.2,38.3,21.9,33.0,77.5,42.6,6.35,mungbean
27.2,44.5,15.9,28.4,89.7,55.7,6.62,mungbean
65.0,62.6,36.7,24.2,64.8,83.9,5.61,maize
23.1,141.3,180.3,18.3,84.9,79.4,5.81,grapes
20.8,55.7,16.3,31.5,55.0,58.2,7.83,mothbeans
26.3,130.6,197.6,19.1,92.3,113.5,6.61,apple
16.8,27.3,29.8,25.9,92.4,161.8,5.53,coconut
110.2,37.6,53.1,26.1,90.7,198.0,6.84,rice
24.2,77.4,27.7,25.0,67.3,47.3,6.64,lentil
18.5,47.3,18.1,26.8,82.6,48.1,6.46,mungbean
17.5,59.7,23.2,27.8,76.1,41.4,6.32,mungbean
67.1,50.0,25.5,29.0,59.1,94.8,6.76,maize
22.6,62.8,23.1,25.7,67.5,44.6,6.41,lentil
11.5,7.7,11.4,16.8,92.1,116.7,6.38,orange
37.5,74.4,18.9,26.4,60.1,76.3,7.48,blackgram
95.1,46.8,35.4,23.3,59.4,87.8,6.1,maize
29.7,59.5,27.6,22.0,67.3,48.4,6.58,lentil
23.5,29.6,37.5,24.8,55.2,96.9,6.93,mango
103.6,25.2,31.0,23.7,63.8,211.1,6.64,coffee
29.5,64.8,19.6,26.1,67.3,51.5,6.21,lentil
23.1,51.9,21.8,31.3,79.0,41.0,6.66,mungbean
16.7,21.2,32.5,25.7,94.4,153.4,5.88,coconut
28.7,44.6,21.3,29.3,81.6,47.8,6.96,mungbean
79.7,46.5,39.8,28.6,79.7,166.7,6.16,jute
106.4,42.0,54.1,28.9,83.9,241.8,6.13,rice
113.3,83.2,192.1,27.6,77.9,104.6,5.95,banana
24.1,25.8,43.4,25.9,87.3,59.2,5.97,pomegranate
81.6,36.5,35.4,23.7,78.2,196.7,6.96,jute
19.1,53.4,15.5,24.4,47.7,40.6,5.52,mothbeans
105.3,56.5,37.7,23.5,57.1,108.6,6.2,cotton
74.0,62.9,35.8,29.6,53.1,103.9,7.38,maize
103.7,36.2,47.2,22.0,71.6,292.3,6.95,rice
24.7,64.5,18.7,25.2,69.0,47.7,6.22,lentil
91.8,20.6,38.2,29.0,93.1,27.6,6.15,muskmelon
117.7,44.7,54.2,30.9,74.9,160.4,5.65,rice
97.3,23.8,37.3,27.4,54.8,158.5,6.2,coffee
102.3,38.9,41.0,29.9,66.3,236.2,7.44,sugarcane
25.0,147.4,193.0,18.9,81.5,88.9,5.81,grapes
16.4,148.6,194.5,24.2,89.3,129.6,6.22,apple
15.1,45.2,18.3,31.9,86.5,47.6,7.01,mungbean
23.8,46.4,20.2,25.1,81.3,58.0,6.64,mungbean
27.5,18.3,43.6,21.0,94.8,83.0,6.69,pomegranate
40.3,56.0,17.7,34.6,69.5,70.6,6.54,blackgram
115.3,82.8,186.5,25.1,83.4,142.2,6.44,banana
104.0,91.2,207.5,28.7,77.5,134.4,5.69,banana
13.2,24.6,6.6,19.7,88.6,119.2,6.19,orange
116.3,90.1,202.4,26.1,81.7,136.8,6.62,banana
28.8,81.6,90.4,17.3,14.2,94.8,6.04,chickpea
35.9,83.4,84.3,17.7,19.2,76.3,6.05,chickpea
30.2,10.3,40.6,22.6,90.1,79.4,5.97,pomegranate
88.9,14.6,43.2,26.7,91.7,28.3,6.67,muskmelon
50.6,60.1,19.7,33.0,61.8,63.3,7.38,blackgram
51.8,59.2,15.5,32.2,64.8,85.5,6.88,blackgram
100.1,56.4,48.2,22.0,71.8,246.4,5.54,rice
10.5,13.6,13.8,16.0,85.9,122.8,6.91,orange
33.6,20.9,34.9,29.5,91.0,143.2,6.12,coconut
27.6,41.0,16.9,28.0,55.4,31.9,7.19,mothbeans
29.6,44.0,19.8,28.6,85.2,56.6,6.92,mungbean
22.1,55.4,19.3,33.0,83.9,62.2,6.61,mungbean
118.6,97.3,208.9,30.3,88.0,110.5,6.53,banana
57.2,56.6,38.2,21.4,59.7,73.3,7.13,wheat
20.8,57.7,97.9,16.4,21.6,77.8,6.37,chickpea
11.3,146.3,191.7,23.1,89.5,62.7,6.45,grapes
80.5,45.5,46.2,24.2,74.0,165.9,6.89,jute
39.4,47.5,52.9,23.7,86.1,57.6,6.46,papaya
25.1,61.0,27.1,27.1,63.1,48.2,6.21,lentil
17.8,25.9,36.9,24.8,54.3,148.7,5.88,mango
55.1,51.6,51.7,29.5,91.6,102.7,6.39,papaya
94.7,24.8,44.9,27.9,67.6,50.8,6.86,watermelon
57.6,41.3,53.0,18.1,50.4,87.6,6.72,wheat
111.8,71.0,203.3,35.0,87.8,141.7,5.58,banana
93.5,58.6,41.5,26.2,87.6,204.5,6.96,rice
42.3,63.3,16.1,34.5,60.6,68.9,6.8,blackgram
117.1,45.7,54.3,31.6,91.3,194.2,6.08,rice
20.6,28.7,35.9,27.9,96.5,122.9,6.0,coconut
18.2,41.6,21.6,34.7,88.7,52.6,7.0,mungbean
25.4,24.8,40.1,23.1,89.0,41.9,6.0,pomegranate
20.8,31.4,29.8,26.1,58.8,87.1,6.51,mango
20.4,10.4,35.8,25.2,96.0,173.9,6.46,coconut
104.9,12.4,49.7,28.3,59.3,54.8,6.3,watermelon
22.2,44.7,23.9,31.2,46.7,48.5,9.43,mothbeans
119.8,16.2,38.9,27.8,54.8,160.0,6.12,coffee
24.1,57.9,16.6,32.5,83.5,46.9,6.67,mungbean
81.2,26.7,47.4,28.5,64.4,65.9,6.59,watermelon
16.5,83.5,94.7,15.9,17.3,95.2,7.89,chickpea
32.7,69.0,57.1,28.5,87.2,114.7,6.34,papaya
68.0,51.1,52.0,25.0,89.0,152.5,6.22,jute
22.2,64.6,28.1,19.7,65.1,41.2,6.07,lentil
38.0,59.1,22.8,26.2,66.3,63.7,6.57,blackgram
86.8,26.3,53.6,25.7,89.5,23.4,6.87,muskmelon
106.6,58.0,36.2,25.2,69.1,190.2,7.27,sugarcane
101.6,55.2,52.9,23.8,72.8,184.2,6.14,rice
17.3,76.7,96.4,23.3,17.2,86.7,6.41,chickpea
29.3,22.1,29.5,27.1,92.2,216.6,5.37,coconut
32.2,67.7,59.4,23.9,90.3,64.3,6.39,papaya
58.6,47.6,42.6,12.4,52.0,95.5,7.13,wheat
122.2,56.6,20.7,34.9,79.2,92.5,6.24,cotton
47.0,64.1,47.0,25.7,93.8,41.6,6.75,papaya
52.2,55.5,39.5,19.3,51.7,99.9,6.64,wheat
26.3,66.4,22.9,29.2,62.5,42.4,6.58,lentil
110.8,58.9,22.8,27.4,50.3,63.6,6.66,cotton
116.2,78.3,219.3,26.4,78.0,114.7,6.66,banana
98.3,24.0,51.8,30.4,69.4,56.1,6.49,watermelon
17.3,15.5,37.1,23.5,94.1,47.3,6.58,pomegranate
32.7,135.8,200.4,20.8,92.5,128.9,5.6,apple
85.3,23.5,39.4,25.7,68.1,47.5,6.26,watermelon
13.4,125.8,206.7,26.2,88.6,90.3,6.4,grapes
20.5,56.7,99.2,23.8,21.4,99.8,6.35,chickpea
117.2,55.2,47.7,30.5,90.1,178.0,6.84,rice
104.2,16.6,39.2,25.6,89.7,24.8,6.84,muskmelon
27.7,59.6,29.5,22.5,63.4,41.2,6.49,lentil
111.2,45.4,50.6,30.6,73.4,221.4,7.29,sugarcane
34.9,57.2,56.1,33.4,91.3,93.5,6.13,papaya
25.1,141.3,195.0,18.2,88.3,100.8,5.94,apple
31.5,27.1,31.2,25.4,94.4,143.1,5.58,coconut
123.1,44.7,42.1,26.6,75.1,224.4,6.75,sugarcane
112.1,24.2,34.7,19.3,51.6,201.0,6.5,coffee
21.6,36.0,18.6,33.3,85.5,51.5,6.26,mungbean
103.8,35.7,31.0,29.5,66.4,71.6,6.66,cotton
117.0,56.9,40.2,27.9,90.4,233.3,6.29,rice
29.0,128.9,182.8,24.0,84.4,85.9,6.07,grapes
65.9,59.1,43.8,12.1,60.4,75.0,7.41,wheat
114.2,37.1,28.0,21.9,74.0,71.7,6.99,cotton
83.9,50.4,54.8,21.7,83.0,281.6,6.61,rice
28.6,52.9,20.8,30.4,57.3,43.7,6.54,mothbeans
29.8,5.8,11.5,18.9,94.5,107.4,6.8,orange
27.7,134.0,182.3,20.8,87.1,96.1,6.0,grapes
17.4,123.4,198.2,21.5,92.1,105.4,5.6,apple
48.2,50.1,41.7,16.3,61.3,73.2,6.21,wheat
51.5,59.2,23.5,25.1,65.1,83.1,7.43,blackgram
95.4,49.1,63.2,25.9,84.6,249.4,6.83,sugarcane
20.3,71.7,23.8,23.0,63.6,51.9,6.58,lentil
30.4,19.5,41.2,23.5,93.9,74.9,6.76,pomegranate
29.7,129.0,199.3,21.0,86.7,122.2,5.89,apple
29.3,25.8,42.0,25.1,89.5,100.1,6.94,pomegranate
19.0,42.9,16.3,31.6,75.6,54.9,7.07,mungbean
36.7,83.7,96.6,23.1,19.2,82.0,6.17,chickpea
28.5,26.1,33.4,28.7,96.6,155.6,6.25,coconut
29.7,59.6,21.9,27.4,87.0,42.7,6.98,mungbean
22.2,120.3,206.8,15.3,94.4,126.8,6.2,apple
92.1,44.3,42.2,23.8,87.5,189.2,6.25,jute
23.3,25.0,35.4,30.0,92.8,169.8,5.63,coconut
22.6,77.1,81.0,16.1,16.8,71.5,6.59,chickpea
115.7,46.5,63.7,27.3,84.2,240.1,6.41,sugarcane
92.6,19.2,49.5,28.6,65.0,63.3,6.86,watermelon
31.1,146.9,200.4,19.6,85.3,126.4,5.52,apple
67.2,37.0,33.5,24.9,71.0,68.4,7.09,maize
96.4,13.5,40.9,29.6,94.7,20.5,6.89,muskmelon
20.8,21.5,35.7,20.3,89.1,105.6,6.07,pomegranate
80.7,37.4,48.7,20.9,78.0,276.7,5.53,rice
22.1,69.4,90.7,23.7,21.9,90.7,6.84,chickpea
16.9,30.9,29.4,27.5,57.7,131.0,5.69,mango
127.3,49.9,30.4,33.2,67.1,61.5,7.85,cotton
92.2,50.5,50.1,25.5,67.1,162.4,6.15,sugarcane
83.5,39.9,35.9,23.9,79.7,190.7,6.74,rice
37.1,67.2,45.1,25.4,94.6,89.1,6.26,papaya
13.9,18.8,8.9,18.3,89.7,111.0,6.15,orange
11.1,134.7,207.8,16.6,86.5,76.4,6.46,grapes
111.4,32.8,44.1,25.9,56.3,198.2,6.44,coffee
62.6,46.0,46.8,27.6,75.1,168.2,7.27,jute
26.7,29.5,40.3,28.9,85.8,53.4,6.16,pomegranate
66.2,41.0,40.0,25.6,75.1,174.4,6.61,jute
101.4,40.3,57.3,26.5,74.1,188.6,7.47,sugarcane
24.1,74.1,24.3,20.7,66.7,41.6,6.44,lentil
118.6,81.5,181.6,25.3,80.8,112.8,5.53,banana
15.8,146.4,196.3,16.3,89.7,117.9,5.54,apple
112.5,28.1,27.6,21.4,68.6,165.7,6.37,coffee
36.2,70.9,98.5,23.0,22.0,74.0,7.53,chickpea
14.4,130.5,191.2,16.0,80.5,78.6,6.52,grapes
17.4,66.8,24.6,24.8,62.1,54.8,6.03,lentil
61.8,56.3,42.4,13.8,57.4,66.8,6.19,wheat
92.7,56.7,59.2,26.9,78.3,192.7,7.33,sugarcane
92.5,12.3,47.3,31.6,91.6,20.8,6.35,muskmelon
22.4,10.5,28.3,28.9,92.0,128.0,5.82,coconut
89.4,23.1,39.6,24.1,66.5,58.7,6.76,watermelon
34.4,25.1,43.1,18.4,89.7,85.3,6.75,pomegranate
37.7,84.1,98.6,19.7,20.9,93.8,6.64,chickpea
27.0,34.3,35.0,24.1,45.1,105.0,7.35,mango
26.1,20.6,34.8,26.2,98.6,150.9,6.1,coconut
98.6,36.8,44.8,25.4,79.2,203.4,6.22,sugarcane
16.6,61.2,21.8,27.7,68.8,46.0,6.86,lentil
18.6,136.2,200.9,25.5,77.6,80.0,6.21,grapes
102.1,51.2,32.7,33.2,71.4,100.1,6.55,cotton
30.0,66.3,22.3,22.8,61.2,57.7,6.41,lentil
26.3,81.2,93.3,23.1,19.3,87.7,7.7,chickpea
23.2,45.4,23.8,25.6,56.5,46.7,3.85,mothbeans
35.4,59.5,59.4,29.0,85.8,89.6,6.34,papaya
123.7,39.9,24.8,34.6,57.7,92.8,6.52,cotton
68.4,37.3,54.4,23.2,86.1,189.4,6.45,jute
109.4,35.0,43.7,24.4,58.4,194.5,6.79,coffee
99.4,18.3,43.9,26.5,63.4,182.4,6.41,coffee
110.0,62.9,52.5,29.4,74.1,170.9,6.01,sugarcane
33.8,37.7,43.9,34.6,52.8,148.4,7.01,mango
16.2,60.7,75.9,19.7,18.5,62.6,7.55,chickpea
121.2,63.1,16.0,22.7,63.6,106.7,6.5,cotton
18.5,40.3,22.4,28.2,82.6,44.1,7.16,mungbean
92.1,17.0,38.8,18.6,60.2,219.8,6.81,coffee
120.9,45.2,39.3,32.6,71.2,215.9,6.85,sugarcane
110.8,53.2,63.9,29.9,74.4,207.3,7.39,sugarcane
24.8,25.1,35.6,30.5,45.1,112.5,7.43,mango
81.5,46.5,47.9,23.1,89.2,152.2,6.21,jute
110.9,47.4,18.0,23.5,70.4,69.1,6.96,cotton
20.3,74.5,24.8,21.1,66.9,51.3,6.8,lentil
114.6,50.0,49.2,20.2,94.2,274.9,5.82,rice
67.3,62.3,29.6,22.8,61.6,116.8,5.81,maize
38.6,72.1,15.3,31.9,63.2,61.7,7.11,blackgram
53.2,51.7,36.6,16.5,56.2,88.8,6.77,wheat
21.4,12.7,29.4,27.9,94.4,154.7,6.17,coconut
21.4,15.0,40.3,27.9,86.0,106.0,6.69,pomegranate
29.9,22.4,43.0,23.2,92.9,72.4,6.91,pomegranate
10.3,137.5,187.6,21.8,89.4,76.0,6.64,grapes
27.1,121.7,207.9,20.3,91.7,124.9,5.7,apple
37.8,76.5,16.3,32.1,67.4,80.3,6.75,blackgram
121.4,55.2,38.5,30.9,73.8,244.5,6.21,sugarcane
84.5,91.1,201.6,26.0,78.6,101.0,6.11,banana
21.4,70.4,19.0,19.1,61.7,50.4,6.21,lentil
48.7,67.1,17.2,34.7,67.2,88.7,6.93,blackgram
43.0,65.0,56.1,28.1,88.3,65.3,6.77,papaya
15.7,59.6,24.5,25.7,60.5,58.9,6.84,lentil
19.7,64.8,20.8,19.2,61.8,56.0,6.68,lentil
63.2,48.6,39.2,13.1,50.8,70.1,6.11,wheat
107.8,58.4,55.4,30.4,83.2,151.8,6.84,sugarcane
15.4,52.4,22.3,33.4,89.6,64.4,6.27,mungbean
21.1,68.0,28.8,20.4,60.2,57.2,6.58,lentil
49.4,45.5,54.8,30.4,88.1,46.9,6.09,papaya
100.3,18.6,49.6,30.8,86.5,28.3,6.54,muskmelon
32.4,72.7,18.5,25.1,64.0,67.0,7.32,blackgram
97.3,27.3,40.8,28.3,91.2,24.1,6.43,muskmelon
29.3,139.8,202.5,17.8,88.8,103.1,6.43,apple
80.7,19.0,39.7,24.4,65.9,43.3,6.61,watermelon
26.5,14.7,10.4,16.1,86.8,102.6,7.07,orange
92.0,16.5,35.2,30.8,93.0,21.0,6.58,muskmelon
25.4,51.5,15.4,26.9,59.6,42.6,6.71,mothbeans
104.9,46.6,37.9,33.1,66.8,214.8,6.62,sugarcane
81.2,23.3,41.5,31.2,68.3,49.8,6.9,watermelon
66.1,42.4,19.0,20.2,57.1,70.4,7.29,maize
28.9,7.7,12.7,15.3,94.3,121.6,7.13,orange
106.9,11.7,42.9,25.7,85.2,26.6,6.6,muskmelon
18.1,54.9,22.4,24.5,47.7,38.5,5.45,mothbeans
65.1,43.6,38.2,27.9,85.2,155.3,6.76,jute
86.0,52.3,52.9,29.4,71.9,177.2,7.11,jute
13.8,12.7,9.8,17.1,88.2,128.9,6.96,orange
126.9,48.3,36.7,23.5,70.8,101.9,7.88,cotton
28.7,34.5,36.6,25.6,57.2,124.5,6.28,mango
19.1,51.0,18.4,35.0,79.0,47.0,7.13,mungbean
76.8,50.5,41.8,26.9,74.1,187.1,6.08,jute
16.3,16.2,41.9,34.8,56.9,139.8,5.98,mango
23.2,52.4,20.2,31.9,52.2,41.1,8.44,mothbeans
116.0,54.6,63.7,24.0,70.0,242.8,7.4,sugarcane
12.6,20.3,14.3,28.9,88.7,104.1,6.78,orange
26.0,70.3,23.9,19.6,62.6,48.4,6.6,lentil
23.3,69.9,28.5,24.9,63.5,56.1,6.54,lentil
53.2,46.9,57.4,28.1,91.0,47.2,6.34,papaya
22.8,50.4,17.4,27.9,48.6,32.2,4.18,mothbeans
34.7,68.9,17.9,29.2,63.8,86.3,7.41,blackgram
82.9,43.4,34.2,20.2,58.1,85.5,6.52,maize
23.2,37.3,22.6,30.8,77.8,44.7,6.38,mungbean
37.6,38.8,36.5,27.9,56.8,97.6,6.63,mango
105.6,28.8,36.7,27.1,56.1,46.3,6.23,watermelon
27.0,9.3,11.7,20.9,93.3,103.8,6.19,orange
26.2,15.7,7.8,11.2,86.6,126.9,7.03,orange
15.2,11.7,37.1,28.9,99.2,205.5,6.09,coconut
21.2,52.6,17.2,26.9,47.8,59.3,9.61,mothbeans
106.7,40.0,15.9,31.3,69.9,83.7,7.66,cotton
13.5,72.3,81.9,20.5,19.2,93.2,6.41,chickpea
28.9,8.9,13.8,24.1,89.5,116.2,7.27,orange
115.6,43.4,42.5,21.1,84.5,155.4,6.2,rice
47.2,67.7,46.8,29.4,93.8,72.8,6.48,papaya
135.2,54.5,28.3,25.5,60.0,93.5,7.99,cotton
38.7,27.5,33.7,29.0,48.1,105.8,6.24,mango
93.9,33.0,25.4,24.6,69.3,189.2,6.94,coffee
34.2,39.6,40.1,28.3,53.9,126.3,5.66,mango
26.3,39.1,26.5,28.0,48.4,93.7,5.78,mango
107.6,23.0,37.1,27.8,92.3,27.8,6.12,muskmelon
28.6,11.3,39.0,29.6,90.4,60.2,5.68,pomegranate
26.6,147.1,196.4,21.7,86.9,118.7,5.94,apple
17.7,61.7,20.4,21.0,63.1,51.1,6.59,lentil
34.3,10.3,39.8,22.0,89.5,79.9,6.15,pomegranate
87.1,28.2,44.4,27.7,66.4,44.6,6.49,watermelon
75.1,37.5,34.4,24.7,60.6,114.4,5.72,maize
81.0,37.7,35.6,27.6,77.9,226.3,6.86,rice
16.7,13.7,42.6,18.3,93.2,41.0,6.49,pomegranate
23.0,7.3,10.4,18.7,87.7,118.1,7.31,orange
109.4,23.0,51.1,29.7,63.9,41.6,6.45,watermelon
11.6,34.2,33.3,33.0,57.8,94.8,6.81,mango
132.6,37.4,37.4,28.7,74.5,82.6,7.22,cotton
29.2,37.3,16.6,31.7,50.8,30.4,5.15,mothbeans
138.2,35.5,19.9,21.1,69.4,104.9,6.34,cotton
28.2,48.2,19.7,26.1,84.7,61.7,7.03,mungbean
14.5,15.0,13.4,24.0,92.9,110.5,6.61,orange
80.5,44.7,47.5,29.6,81.6,177.0,6.08,jute
85.7,70.4,196.9,28.0,82.3,146.2,5.56,banana
45.0,59.2,18.8,31.2,69.7,81.8,7.42,blackgram
111.5,19.0,30.2,19.6,56.6,203.0,6.52,coffee
42.2,49.8,52.8,33.9,93.0,45.3,6.69,papaya
20.7,130.7,190.6,27.4,86.8,72.3,6.71,grapes
19.0,57.4,16.0,31.6,88.6,44.2,7.17,mungbean
110.4,18.2,34.2,18.1,54.9,200.9,6.99,coffee
33.8,66.1,50.4,30.9,89.7,55.9,6.6,papaya
132.2,52.6,36.7,23.9,53.4,73.5,5.93,cotton
22.3,66.2,81.5,22.2,18.0,63.2,6.44,chickpea
20.0,42.9,16.1,26.9,42.0,53.0,9.68,mothbeans
14.9,26.9,39.4,26.7,54.6,126.7,5.83,mango
34.2,77.9,18.3,28.7,67.6,70.2,7.45,blackgram
31.1,121.3,209.8,16.3,93.0,111.8,6.14,apple
106.1,28.5,43.4,25.4,85.4,25.7,6.39,muskmelon
14.4,13.9,11.2,25.4,86.0,128.9,7.34,orange
19.5,24.8,12.7,14.2,90.0,107.0,6.61,orange
33.7,136.3,200.5,16.4,85.0,124.3,5.61,apple
101.2,44.2,32.6,23.8,70.2,108.5,6.01,cotton
105.8,39.4,53.8,31.4,92.9,205.5,5.52,rice
23.6,59.6,17.4,29.5,54.3,48.2,4.07,mothbeans
88.2,19.8,36.6,27.7,59.6,64.7,6.06,watermelon
63.1,63.8,38.1,21.3,52.0,71.7,6.22,wheat
69.7,43.1,24.4,18.2,58.1,72.7,6.15,maize
67.8,51.5,46.3,28.3,84.3,160.4,6.85,jute
84.9,14.7,35.5,30.8,94.7,21.4,6.23,muskmelon
25.2,36.6,21.0,29.9,44.2,55.2,3.69,mothbeans
99.5,27.1,40.3,19.7,60.1,177.9,6.15,coffee
108.5,54.0,46.2,29.3,82.3,228.4,6.14,rice
116.7,78.4,214.3,27.9,88.7,160.3,6.55,banana
27.7,59.9,19.5,29.6,61.1,49.6,6.59,lentil
18.8,34.3,35.4,27.8,50.6,80.1,6.1,mango
20.1,77.3,79.0,23.2,20.7,80.3,6.01,chickpea
68.2,47.5,42.2,30.0,79.6,174.3,6.85,jute
118.5,41.3,44.9,23.6,77.1,155.5,6.41,rice
28.4,69.9,27.7,23.2,67.5,58.3,6.57,lentil
22.4,19.7,38.1,19.7,87.1,47.4,6.52,pomegranate
23.7,58.2,20.0,33.4,81.7,57.7,6.93,mungbean
54.0,67.5,33.3,20.7,50.1,97.0,6.17,wheat
89.2,20.9,43.3,26.1,86.7,24.2,6.76,muskmelon
69.0,53.1,45.8,16.4,54.5,83.1,6.75,wheat
52.7,59.8,23.2,30.4,60.8,88.7,6.75,blackgram
20.9,21.4,36.2,26.9,93.0,165.9,6.26,coconut
108.8,64.3,23.4,23.5,73.7,92.9,6.9,cotton
54.3,49.9,48.2,31.1,89.1,114.5,6.09,papaya
36.0,64.7,15.8,26.5,63.0,62.7,7.41,blackgram
89.4,20.8,51.8,31.9,68.3,51.1,6.2,watermelon
15.2,125.1,201.6,22.1,94.2,121.2,6.37,apple
26.1,143.2,196.5,16.0,86.5,83.3,6.58,grapes
78.4,45.0,36.4,27.8,80.1,188.3,6.73,jute
24.0,51.6,19.2,29.6,48.2,45.1,3.55,mothbeans
86.0,21.5,39.7,22.8,57.5,177.6,6.46,coffee
100.1,36.3,40.6,30.9,76.0,171.7,6.23,rice
23.9,126.9,183.5,17.5,75.0,88.7,6.53,grapes
16.5,20.2,44.7,26.3,85.7,53.3,6.66,pomegranate
102.4,27.1,38.5,26.0,55.4,207.8,6.5,coffee
15.3,17.5,30.3,27.7,90.7,199.0,5.48,coconut
119.3,35.0,52.9,33.2,70.8,168.6,6.98,sugarcane
25.6,31.9,31.2,32.5,56.6,116.5,7.45,mango
15.9,49.7,23.4,25.2,75.7,54.3,7.02,mungbean
82.9,82.3,192.4,31.8,84.1,129.2,5.78,banana
15.1,51.2,20.1,27.6,59.3,47.1,9.03,mothbeans
27.7,63.0,90.6,19.1,18.4,77.4,6.59,chickpea
94.1,39.0,52.5,25.5,84.5,166.0,7.36,jute
19.0,120.3,202.5,18.2,94.7,105.8,5.95,apple
87.6,36.2,35.0,25.5,52.0,112.4,7.34,maize
100.3,96.2,199.7,32.0,89.9,110.5,5.86,banana
118.3,40.3,42.6,32.1,83.9,163.6,6.75,sugarcane
18.4,120.5,203.8,16.0,82.1,82.4,6.43,grapes
39.9,70.1,89.9,15.7,20.0,68.4,7.8,chickpea
25.8,5.6,14.7,20.5,88.0,110.9,6.1,orange
20.5,139.3,203.9,23.7,88.4,123.1,6.23,apple
32.6,132.4,200.7,15.5,85.0,107.3,6.38,apple
48.8,46.0,53.1,23.1,61.6,75.7,6.76,wheat
76.7,52.1,52.1,23.7,71.8,163.1,7.31,jute
26.0,146.6,192.1,23.2,87.1,111.8,5.91,apple
